2003/1/14,2003004,32,28,33,11,13,7,20,猪兔狗猴马鼠猪
2003/1/16,2003005,2,40,39,42,34,36,29,蛇兔龙牛鸡羊虎
2003/1/21,2003006,44,49,16,20,21,43,6,猪马兔猪狗鼠牛
2003/1/23,2003007,36,6,38,27,14,23,49,羊牛蛇龙蛇猴马
2003/1/28,2003008,30,10,25,46,5,41,48,牛鸡马鸡虎虎羊
2003/1/30,2003009,7,28,8,4,5,6,23,鼠兔猪兔虎牛猴
2003/2/4,2003010,28,43,12,7,20,27,46,龙牛猴牛鼠蛇狗
2003/2/6,2003011,18,31,26,11,46,4,16,虎牛马鸡狗龙龙
2003/2/11,2003012,22,11,28,38,40,23,29,狗鸡龙马龙鸡兔
2003/2/13,2003013,12,8,24,39,4,40,18,猴鼠猴蛇龙龙虎
2003/2/18,2003014,20,49,19,10,16,40,24,鼠羊牛狗龙龙猴
2003/2/20,2003015,41,48,13,24,16,1,35,兔猴羊猴龙羊鸡
2003/2/25,2003016,42,19,13,45,28,23,15,虎牛羊猪龙鸡蛇
2003/2/27,2003017,25,4,21,12,9,34,36,羊龙猪猴猪狗猴
2003/3/4,2003018,38,9,44,42,32,33,43,马猪鼠虎鼠猪牛
2003/3/6,2003019,48,15,40,20,35,45,30,猴蛇龙鼠鸡猪虎
2003/3/11,2003020,10,35,39,31,22,20,17,狗鸡蛇牛狗鼠兔
2003/3/13,2003021,49,21,3,20,43,2,32,羊猪蛇鼠牛马鼠
2003/3/18,2003022,22,23,35,8,24,10,33,狗鸡鸡鼠猴狗猪
2003/3/20,2003023,13,14,39,23,21,42,36,羊马蛇鸡猪虎猴
2003/3/25,2003024,30,28,23,34,13,42,20,虎龙鸡狗羊虎鼠
2003/3/27,2003025,48,22,21,9,26,37,35,猴狗猪猪马羊鸡
2003/4/1,2003026,48,12,43,30,40,17,18,猴猴牛虎龙兔虎
2003/4/3,2003027,32,29,21,43,38,41,7,鼠兔猪牛马兔牛
2003/4/8,2003028,13,6,47,11,40,24,42,羊虎鸡鸡龙猴虎
2003/4/10,2003029,7,11,33,23,13,31,28,牛鸡猪鸡羊牛龙
2003/4/15,2003030,37,39,15,28,27,9,33,羊蛇蛇龙蛇猪猪
2003/4/17,2003031,38,12,45,26,18,34,43,马猴猪马虎狗牛
2003/4/22,2003032,31,36,26,7,27,14,43,牛猴马牛蛇马牛
2003/4/24,2003033,20,11,14,47,17,42,27,鼠鸡马鸡兔虎蛇
2003/1/30,2003009,7,28,8,4,5,6,23,牛龙鼠龙兔虎鸡
2003/2/4,2003010,28,43,12,7,20,27,46,龙牛猴牛鼠蛇狗
2003/2/6,2003011,18,31,26,11,46,4,16,虎牛马鸡狗龙龙
2003/2/11,2003012,22,11,28,38,40,23,29,狗鸡龙马龙鸡兔
2003/2/13,2003013,12,8,24,39,4,40,18,猴鼠猴蛇龙龙虎
2003/2/18,2003014,20,49,19,10,16,40,24,鼠羊牛狗龙龙猴
2003/2/20,2003015,41,42,13,24,16,1,35,兔虎羊猴龙羊鸡
2003/2/25,2003016,42,19,13,45,28,23,15,虎牛羊猪龙鸡蛇
2003/2/27,2003017,25,4,21,12,9,34,36,羊龙猪猴猪狗猴
2003/3/4,2003018,38,9,44,42,32,33,43,马猪鼠虎鼠猪牛
2003/6/3,2003044,21,37,47,12,2,49,11,猪羊鸡猴马羊鸡
2003/6/5,2003045,9,44,30,48,27,33,37,猪鼠虎猴蛇猪羊
2003/6/10,2003046,10,19,44,26,30,32,29,狗牛鼠马虎鼠兔
2003/6/12,2003047,27,38,31,14,44,3,26,蛇马牛马鼠蛇马
2003/6/17,2003048,22,3,11,18,24,37,49,狗蛇鸡虎猴羊羊
2003/6/19,2003049,4,10,24,47,3,26,12,龙狗猴鸡蛇马猴
2003/6/24,2003050,21,2,37,44,10,22,47,猪马羊鼠狗狗鸡
2003/6/26,2003051,37,9,40,29,7,26,11,羊猪龙兔牛马鸡
2003/6/30,2003052,18,16,32,47,44,14,2,虎龙鼠鸡鼠马马
2003/7/3,2003053,47,20,39,6,12,5,38,鸡鼠蛇虎猴兔马
2003/4/10,2003029,7,11,33,23,13,31,28,牛鸡猪鸡羊牛龙
2003/4/15,2003030,37,39,15,28,27,9,33,羊蛇蛇龙蛇猪猪
2003/4/17,2003031,38,12,45,26,18,34,43,马猴猪马虎狗牛
2003/4/22,2003032,31,36,26,7,27,14,43,牛猴马牛蛇马牛
2003/4/24,2003033,20,11,14,47,17,42,27,鼠鸡马鸡兔虎蛇
2003/4/29,2003034,37,47,49,30,19,41,3,羊鸡羊虎牛兔蛇
2003/5/2,2003035,10,19,35,8,31,3,36,狗牛鸡鼠牛蛇猴
2003/5/6,2003036,19,7,30,44,37,34,48,牛牛虎鼠羊狗猴
2003/5/9,2003037,11,29,32,20,33,23,35,鸡兔鼠鼠猪鸡鸡
2003/5/13,2003038,35,34,9,29,17,20,18,鸡狗猪兔兔鼠虎
2003/7/29,2003064,2,34,11,6,20,5,32,马狗鸡虎鼠兔鼠
2003/7/31,2003065,24,47,18,17,15,5,7,猴鸡虎兔蛇兔牛
2003/8/2,2003066,16,33,36,31,38,29,4,龙猪猴牛马兔龙
2003/8/5,2003067,2,45,41,42,22,39,26,马猪兔虎狗蛇马
2003/8/7,2003068,2,31,17,12,40,37,1,马牛兔猴龙羊羊
2003/8/9,2003069,28,42,17,26,16,40,44,龙虎兔马龙龙鼠
2003/8/12,2003070,33,18,9,38,26,6,29,猪虎猪马马虎兔
2003/8/14,2003071,11,18,27,2,20,17,10,鸡虎蛇马鼠兔狗
2003/8/16,2003072,6,39,3,8,2,25,38,虎蛇蛇鼠马羊马
2003/8/19,2003073,30,47,13,36,20,16,24,虎鸡羊猴鼠龙猴
2003/8/21,2003074,18,36,9,10,21,45,6,虎猴猪狗猪猪虎
2003/8/23,2003075,33,14,31,8,36,42,34,猪马牛鼠猴虎狗
2003/8/26,2003076,25,7,37,39,10,21,9,羊牛羊蛇狗猪猪
2003/8/28,2003077,36,28,27,41,5,6,47,猴龙蛇兔兔虎鸡
2003/8/30,2003078,22,25,17,15,28,16,12,狗羊兔蛇龙龙猴
2003/9/4,2003079,4,26,17,38,1,44,11,龙马兔马羊鼠鸡
2003/9/9,2003080,28,21,7,41,31,12,3,龙猪牛兔牛猴蛇
2003/9/12,2003081,41,5,1,28,21,35,38,兔兔羊龙猪鸡马
2003/9/16,2003082,4,48,13,43,2,49,24,龙猴羊牛马羊猴
2003/9/18,2003083,18,28,5,14,4,31,24,虎龙兔马龙牛猴
2003/9/20,2003084,2,43,31,9,13,3,10,马牛牛猪羊蛇狗
2003/9/23,2003085,13,49,2,22,39,20,41,羊羊马狗蛇鼠兔
2003/9/25,2003086,41,42,2,9,40,7,28,兔虎马猪龙牛龙
2003/9/30,2003087,27,38,28,10,18,24,21,蛇马龙狗虎猴猪
2003/10/2,2003088,7,39,10,15,4,19,22,牛蛇狗蛇龙牛狗
2003/10/4,2003089,41,31,8,47,33,23,38,兔牛鼠鸡猪鸡马
2003/10/7,2003090,28,33,47,38,17,42,34,龙猪鸡马兔虎狗
2003/10/9,2003091,23,40,31,19,44,47,3,鸡龙牛牛鼠鸡蛇
2003/10/14,2003092,37,9,16,30,31,32,24,羊猪龙虎牛鼠猴
2003/10/16,2003093,6,27,36,43,49,38,40,虎蛇猴牛羊马龙
2003/10/18,2003094,14,39,42,20,26,40,12,马蛇虎鼠马龙猴
2003/10/21,2003095,44,41,24,35,25,47,38,鼠兔猴鸡羊鸡马
2003/10/23,2003096,30,15,43,21,10,7,8,虎蛇牛猪狗牛鼠
2003/10/28,2003097,47,21,42,25,49,7,1,鸡猪虎羊羊牛羊
2003/10/30,2003098,39,17,10,45,19,11,15,蛇兔狗猪牛鸡蛇
2003/11/1,2003099,8,12,4,23,15,33,36,鼠猴龙鸡蛇猪猴
2003/11/3,2003100,9,41,18,22,6,31,24,猪兔虎狗虎牛猴
2003/11/6,2003101,5,49,28,14,27,6,42,兔羊龙马蛇虎虎
2003/11/11,2003102,37,1,4,28,19,49,29,羊羊龙龙牛羊兔
2003/11/14,2003103,44,48,37,29,28,25,43,鼠猴羊兔龙羊牛
2003/9/4,2003079,4,26,17,38,1,44,11,龙马兔马羊鼠鸡
2003/9/9,2003080,28,21,7,41,31,12,3,龙猪牛兔牛猴蛇
2003/9/12,2003081,41,5,1,28,21,35,38,兔兔羊龙猪鸡马
2003/9/16,2003082,4,48,13,43,2,49,24,龙猴羊牛马羊猴
2003/9/18,2003083,18,28,5,14,4,31,24,虎龙兔马龙牛猴
2003/9/20,2003084,2,43,31,9,13,3,10,马牛牛猪羊蛇狗
2003/9/23,2003085,13,49,2,22,39,20,41,羊羊马狗蛇鼠兔
2003/9/25,2003086,41,42,2,9,40,7,28,兔虎马猪龙牛龙
2003/9/30,2003087,27,38,28,10,18,24,21,蛇马龙狗虎猴猪
2003/10/2,2003088,7,39,10,15,4,19,22,牛蛇狗蛇龙牛狗
2003/10/4,2003089,41,31,8,47,33,13,38,兔牛鼠鸡猪羊马
2003/10/7,2003090,28,33,47,38,17,42,34,龙猪鸡马兔虎狗
2003/10/9,2003091,23,40,31,19,44,47,3,鸡龙牛牛鼠鸡蛇
2003/10/14,2003092,37,9,16,30,31,32,24,羊猪龙虎牛鼠猴
2003/10/16,2003093,6,27,36,43,49,38,40,虎蛇猴牛羊马龙
2003/10/18,2003094,14,39,42,20,26,40,12,马蛇虎鼠马龙猴
2003/10/21,2003095,44,41,24,35,25,47,38,鼠兔猴鸡羊鸡马
2003/10/23,2003096,30,15,43,21,10,7,8,虎蛇牛猪狗牛鼠
2003/10/28,2003097,47,21,42,25,49,7,1,鸡猪虎羊羊牛羊
2003/10/30,2003098,39,17,10,45,19,11,15,蛇兔狗猪牛鸡蛇
2003/11/1,2003099,8,12,23,4,15,33,36,鼠猴鸡龙蛇猪猴
2003/11/3,2003100,9,41,18,22,6,31,24,猪兔虎狗虎牛猴
2003/11/6,2003101,5,49,28,14,27,6,42,兔羊龙马蛇虎虎
2003/11/11,2003102,37,1,4,28,19,49,29,羊羊龙龙牛羊兔
2003/11/14,2003103,44,48,37,29,28,25,43,鼠猴羊兔龙羊牛
2003/11/18,2003104,11,22,34,48,14,24,43,鸡狗狗猴马猴牛
2003/11/20,2003105,31,34,18,25,37,35,5,牛狗虎羊羊鸡兔
2003/11/25,2003106,11,48,39,30,41,13,45,鸡猴蛇虎兔羊猪
2003/11/27,2003107,15,45,7,10,49,38,22,蛇猪牛狗羊马狗
2003/11/29,2003108,4,2,46,14,3,44,5,龙马狗马蛇鼠兔
2003/12/2,2003109,41,18,48,12,8,23,19,兔虎猴猴鼠鸡牛
2003/12/4,2003110,2,39,25,8,19,3,49,马蛇羊鼠牛蛇羊
2003/12/9,2003111,48,35,15,20,31,10,14,猴鸡蛇鼠牛狗马
2003/12/11,2003112,14,35,1,22,31,19,34,马鸡羊狗牛牛狗
2003/12/13,2003113,22,13,33,42,29,6,11,狗羊猪虎兔虎鸡
2003/12/16,2003114,36,48,13,37,33,11,46,猴猴羊羊猪鸡狗
2003/12/18,2003115,42,33,44,24,31,23,27,虎猪鼠猴牛鸡蛇
2003/12/23,2003116,48,5,17,34,42,19,44,猴兔兔狗虎牛鼠
2003/12/30,2003117,1,39,47,38,36,22,27,羊蛇鸡马猴狗蛇
2004/12/14,2004133,31,48,22,25,19,3,12,虎鸡猪猴虎马鸡
2004/12/17,2004134,11,14,46,47,26,6,40,狗羊猪狗羊兔蛇
2004/12/19,2004135,32,25,24,34,39,1,10,牛猴鸡猪马猴猪
2004/12/21,2004136,20,45,36,2,49,48,21,牛鼠鸡羊猴鸡鼠
2004/12/23,2004137,45,1,10,43,12,16,13,鼠猴猪虎鸡蛇猴
2004/12/25,2004138,2,41,37,28,30,15,31,羊龙猴蛇兔马虎
2004/12/28,2004139,48,9,5,43,35,38,6,鸡鼠龙虎狗羊兔
2004/12/30,2004140,17,20,34,38,28,47,14,龙牛猪羊蛇狗羊
2004/1/3,2004001,49,31,39,33,36,3,1,羊牛蛇猪猴蛇羊
2004/3/18,2004027,3,4,36,25,47,2,8,马蛇鸡猴狗羊牛
2004/3/20,2004028,6,44,21,49,28,36,32,兔牛鼠猴蛇鸡牛
2004/1/13,2004004,30,49,34,39,43,48,6,虎羊狗蛇牛猴虎
2004/1/15,2004005,13,9,31,40,8,48,43,羊猪牛龙鼠猴牛
2004/1/17,2004006,5,49,3,19,26,32,1,兔羊蛇牛马鼠羊
2004/1/20,2004007,5,32,28,31,9,6,19,兔鼠龙牛猪虎牛
2004/1/27,2004008,40,41,13,18,10,29,4,蛇龙猴兔猪龙蛇
2004/1/29,2004009,22,21,31,24,27,42,11,猪鼠虎鸡马兔狗
2004/1/31,2004010,46,30,41,1,32,29,8,猪兔龙猴牛龙牛
2004/4/13,2004036,49,24,1,30,47,23,42,猴鸡猴兔狗狗兔
2004/2/5,2004012,48,12,43,35,22,29,38,鸡鸡虎狗猪龙羊
2004/2/10,2004013,37,39,44,22,32,20,11,猴马牛猪牛牛狗
2004/2/12,2004014,32,21,31,9,22,17,4,牛鼠虎鼠猪龙蛇
2004/2/14,2004015,49,15,28,13,4,45,7,猴马蛇猴蛇鼠虎
2004/2/17,2004016,7,38,15,41,28,20,37,虎羊马龙蛇牛猴
2004/2/19,2004017,6,3,26,14,40,9,19,兔马羊羊蛇鼠虎
2004/2/21,2004018,7,41,25,24,22,40,1,虎龙猴鸡猪蛇猴
2004/2/24,2004019,16,8,4,2,18,3,6,蛇牛蛇羊兔马兔
2004/2/26,2004020,1,14,39,48,45,9,3,猴羊马鸡鼠鼠马
2004/3/2,2004021,46,8,49,33,20,36,18,猪牛猴鼠牛鸡兔
2004/5/15,2004047,15,8,7,27,49,34,22,马牛虎马猴猪猪
2004/5/18,2004048,10,23,49,43,30,21,3,猪狗猴虎兔鼠马
2004/5/20,2004049,31,40,45,47,4,18,29,虎蛇鼠狗蛇兔龙
2004/5/25,2004050,40,23,37,45,14,27,39,蛇狗猴鼠羊马马
2004/5/27,2004051,24,2,19,16,49,48,12,鸡羊虎蛇猴鸡鸡
2004/5/29,2004052,46,3,40,10,27,20,9,猪马蛇猪马牛鼠
2004/6/1,2004053,43,9,39,32,38,27,31,虎鼠马牛羊马虎
2004/6/3,2004054,41,13,47,40,37,33,48,龙猴狗蛇猴鼠鸡
2004/6/5,2004055,29,8,6,12,40,32,45,龙牛兔鸡蛇牛鼠
2004/6/8,2004056,29,37,49,7,18,28,12,龙猴猴虎兔蛇鸡
2004/6/11,2004057,48,42,11,16,43,26,32,鸡兔狗蛇虎羊牛
2004/6/15,2004058,7,3,20,13,48,36,47,虎马牛猴鸡鸡狗
2004/6/17,2004059,5,28,18,32,21,9,7,龙蛇兔牛鼠鼠虎
2004/6/19,2004060,28,38,34,41,46,48,36,蛇羊猪龙猪鸡鸡
2004/6/24,2004061,13,40,3,5,11,6,45,猴蛇马龙狗兔鼠
2004/6/26,2004062,33,44,29,7,21,23,9,鼠牛龙虎鼠狗鼠
2004/6/29,2004063,3,9,14,25,7,44,45,马鼠羊猴虎牛鼠
2004/7/1,2004064,33,37,11,25,32,42,31,鼠猴狗猴牛兔虎
2004/7/3,2004065,18,35,16,48,49,2,43,兔狗蛇鸡猴羊虎
2004/7/6,2004066,42,9,37,22,48,40,26,兔鼠猴猪鸡蛇羊
2004/4/29,2004042,26,34,19,31,30,4,37,羊猪虎虎兔蛇猴
2004/5/4,2004043,47,29,21,37,16,46,35,狗龙鼠猴蛇猪狗
2004/5/6,2004044,36,28,33,8,38,47,2,鸡蛇鼠牛羊狗羊
2004/5/11,2004045,24,13,37,11,22,7,36,鸡猴猴狗猪虎鸡
2004/5/13,2004046,9,21,48,37,40,13,12,鼠鼠鸡猴蛇猴鸡
2004/5/15,2004047,15,8,7,27,49,34,22,马牛虎马猴猪猪
2004/5/18,2004048,10,23,49,43,30,21,3,猪狗猴虎兔鼠马
2004/5/20,2004049,31,40,45,47,4,18,29,虎蛇鼠狗蛇兔龙
2004/5/25,2004050,40,23,37,45,14,27,39,蛇狗猴鼠羊马马
2004/5/27,2004051,24,2,19,16,49,48,12,鸡羊虎蛇猴鸡鸡
2004/5/29,2004052,46,3,40,10,27,20,9,猪马蛇猪马牛鼠
2004/6/1,2004053,43,9,39,32,38,27,31,虎鼠马牛羊马虎
2004/6/3,2004054,41,13,47,40,37,33,48,龙猴狗蛇猴鼠鸡
2004/6/5,2004055,29,8,6,12,40,32,45,龙牛兔鸡蛇牛鼠
2004/6/8,2004056,29,37,49,7,18,28,12,龙猴猴虎兔蛇鸡
2004/6/10,2004057,48,42,11,16,43,26,32,鸡兔狗蛇虎羊牛
2004/6/15,2004058,7,3,20,13,48,36,47,虎马牛猴鸡鸡狗
2004/6/17,2004059,5,28,18,32,21,9,7,龙蛇兔牛鼠鼠虎
2004/6/19,2004060,28,38,34,41,46,48,36,蛇羊猪龙猪鸡鸡
2004/6/24,2004061,13,40,3,5,11,6,45,猴蛇马龙狗兔鼠
2004/6/26,2004062,33,44,29,7,21,23,9,鼠牛龙虎鼠狗鼠
2004/6/29,2004063,3,9,14,25,7,44,45,马鼠羊猴虎牛鼠
2004/7/1,2004064,33,37,11,25,32,42,31,鼠猴狗猴牛兔虎
2004/7/3,2004065,18,35,16,48,49,2,43,兔狗蛇鸡猴羊虎
2004/7/6,2004066,42,9,37,22,48,40,26,兔鼠猴猪鸡蛇羊
2004/7/8,2004067,28,36,13,6,8,3,38,蛇鸡猴兔牛马羊
2004/7/10,2004068,36,6,7,1,42,12,34,鸡兔虎猴兔鸡猪
2004/7/13,2004069,13,21,18,35,1,3,15,猴鼠兔狗猴马马
2004/7/15,2004070,6,37,38,30,43,31,24,兔猴羊兔虎虎鸡
2004/7/17,2004071,7,48,32,9,49,18,10,虎鸡牛鼠猴兔猪
2004/7/20,2004072,32,6,21,8,12,43,25,牛兔鼠牛鸡虎猴
2004/7/22,2004073,24,7,8,1,42,6,22,鸡虎牛猴兔兔猪
2004/7/24,2004074,36,10,22,37,18,34,15,鸡猪猪猴兔猪马
2004/7/27,2004075,35,43,1,2,34,20,37,狗虎猴羊猪牛猴
2004/7/29,2004076,26,16,35,36,1,31,38,羊蛇狗鸡猴虎羊
2004/7/31,2004077,14,40,43,13,48,32,12,羊蛇虎猴鸡牛鸡
2004/8/3,2004078,49,14,37,29,27,7,9,猴羊猴龙马虎鼠
2004/8/5,2004079,39,8,27,45,13,40,49,马牛马鼠猴蛇猴
2004/8/7,2004080,16,39,27,8,48,40,14,蛇马马牛鸡蛇羊
2004/8/10,2004081,17,27,47,45,44,16,49,龙马狗鼠牛蛇猴
2004/8/12,2004082,21,48,34,19,49,22,42,鼠鸡猪虎猴猪兔
2004/8/14,2004083,30,1,22,16,34,5,39,兔猴猪蛇猪龙马
2004/8/17,2004084,30,27,39,40,42,29,47,兔马马蛇兔龙狗
2004/8/19,2004085,19,24,36,44,12,27,29,虎鸡鸡牛鸡马龙
2004/8/21,2004086,36,28,37,26,14,23,40,鸡蛇猴羊羊狗蛇
2004/8/24,2004087,14,10,36,17,45,30,47,羊猪鸡龙鼠兔狗
2004/8/26,2004088,36,9,19,2,37,30,41,鸡鼠虎羊猴兔龙
2004/8/28,2004089,42,48,1,33,44,30,49,兔鸡猴鼠牛兔猴
2004/8/31,2004090,27,16,23,18,17,5,10,马蛇狗兔龙龙猪
2004/9/2,2004091,11,1,45,5,32,22,28,狗猴鼠龙牛猪蛇
2004/9/4,2004092,28,37,21,18,15,17,40,蛇猴鼠兔马龙蛇
2004/9/7,2004093,3,16,4,45,32,19,14,马蛇蛇鼠牛虎羊
2004/9/10,2004094,23,38,47,27,20,40,33,狗羊狗马牛蛇鼠
2004/9/14,2004095,7,21,30,36,10,3,14,虎鼠兔鸡猪马羊
2004/9/16,2004096,11,18,42,12,20,27,16,狗兔兔鸡牛马蛇
2004/9/18,2004097,30,38,41,24,7,20,19,兔羊龙鸡虎牛虎
2004/9/21,2004098,42,1,33,30,35,3,12,兔猴鼠兔狗马鸡
2004/9/24,2004099,17,42,30,11,46,14,29,龙兔兔狗猪羊龙
2004/9/26,2004100,17,15,40,41,7,28,10,龙马蛇龙虎蛇猪
2004/9/28,2004101,49,39,36,28,22,31,32,猴马鸡蛇猪虎牛
2004/9/30,2004102,20,14,23,12,28,13,22,牛羊狗鸡蛇猴猪
2004/10/2,2004103,13,15,43,3,39,44,31,猴马虎马马牛虎
2004/10/5,2004104,12,22,14,46,48,4,23,鸡猪羊猪鸡蛇狗
2004/10/7,2004105,43,18,19,45,48,33,11,虎兔虎鼠鸡鼠狗
2004/10/10,2004106,39,16,32,26,4,24,6,马蛇牛羊蛇鸡兔
2004/10/12,2004107,20,37,6,35,4,39,41,牛猴兔狗蛇马龙
2004/10/14,2004108,27,29,17,34,7,30,36,马龙龙猪虎兔鸡
2004/10/16,2004109,43,44,7,12,33,20,38,虎牛虎鸡鼠牛羊
2004/10/19,2004110,21,41,5,17,31,27,6,鼠龙龙龙虎马兔
2004/10/21,2004111,30,27,48,31,12,34,17,兔马鸡虎鸡猪龙
2004/10/24,2004112,26,25,33,15,11,24,42,羊猴鼠马狗鸡兔
2004/10/26,2004113,30,44,45,43,6,24,11,兔牛鼠虎兔鸡狗
2004/10/28,2004114,26,1,49,27,12,36,21,羊猴猴马鸡鸡鼠
2004/10/31,2004115,37,21,23,30,33,14,10,猴鼠狗兔鼠羊猪
2004/11/4,2004116,25,7,19,45,42,18,41,猴虎虎鼠兔兔龙
2004/11/7,2004117,13,42,38,17,2,33,5,猴兔羊龙羊鼠龙
2004/11/9,2004118,21,31,30,12,2,5,6,鼠虎兔鸡羊龙兔
2004/11/11,2004119,33,7,13,12,16,9,37,鼠虎猴鸡蛇鼠猴
2004/11/13,2004120,9,49,7,39,38,22,48,鼠猴虎马羊猪鸡
2004/11/16,2004121,41,23,15,7,30,34,10,龙狗马虎兔猪猪
2004/11/18,2004122,26,28,3,11,13,12,31,羊蛇马狗猴鸡虎
2004/11/20,2004123,43,6,30,40,26,34,3,虎兔兔蛇羊猪马
2004/11/23,2004124,10,25,16,21,38,15,24,猪猴蛇鼠羊马鸡
2004/11/25,2004125,19,49,21,17,40,35,42,虎猴鼠龙蛇狗兔
2004/11/27,2004126,28,34,44,9,21,30,10,蛇猪牛鼠鼠兔猪
2004/11/30,2004127,42,8,21,31,38,29,23,兔牛鼠虎羊龙狗
2004/12/2,2004128,3,10,36,9,27,31,26,马猪鸡鼠马虎羊
2004/12/5,2004129,24,10,46,6,31,13,25,鸡猪猪兔虎猴猴
2004/12/7,2004130,25,48,16,44,42,26,20,猴鸡蛇牛兔羊牛
2004/12/9,2004131,28,46,4,36,49,43,40,蛇猪蛇鸡猴虎蛇
2004/12/11,2004132,37,36,31,3,9,45,19,猴鸡虎马鼠鼠虎
2005/1/2,2005001,11,39,36,43,18,32,34,狗马鸡虎兔牛猪
2005/1/4,2005002,8,6,20,4,5,38,35,牛兔牛蛇龙羊狗
2005/1/6,2005003,3,42,10,6,40,14,15,马兔猪兔蛇羊马
2005/1/9,2005004,49,42,30,38,10,45,27,猴兔兔羊猪鼠马
2005/1/11,2005005,35,5,11,25,40,6,44,狗龙狗猴蛇兔牛
2005/1/13,2005006,46,42,27,30,16,24,17,猪兔马兔蛇鸡龙
2005/1/15,2005007,49,14,10,25,16,9,23,猴羊猪猴蛇鼠狗
2005/1/18,2005008,13,5,26,21,18,20,11,猴龙羊鼠兔牛狗
2005/1/20,2005009,9,28,21,46,33,13,6,鼠蛇鼠猪鼠猴兔
2005/1/22,2005010,13,7,35,5,46,19,24,猴虎狗龙猪虎鸡
2005/1/25,2005011,20,34,37,48,31,15,4,牛猪猴鸡虎马蛇
2005/1/27,2005012,35,6,26,3,15,7,40,狗兔羊马马虎蛇
2005/1/29,2005013,9,28,18,33,19,2,35,鼠蛇兔鼠虎羊狗
2005/2/1,2005014,44,18,23,9,33,49,29,牛兔狗鼠鼠猴龙
2005/2/4,2005015,20,33,19,48,37,2,10,牛鼠虎鸡猴羊猪
2005/2/7,2005016,9,36,21,43,38,49,23,鼠鸡鼠虎羊猴狗
2005/2/10,2005017,41,8,21,20,2,40,24,蛇虎牛虎猴马狗
2005/2/12,2005018,25,13,19,32,11,16,26,鸡鸡兔虎猪马猴
2005/2/15,2005019,27,28,8,5,33,46,2,羊马虎蛇牛鼠猴
2005/2/17,2005020,8,13,16,47,45,42,33,虎鸡马猪牛龙牛
2005/2/19,2005021,49,28,42,45,2,18,17,鸡马龙牛猴龙蛇
2005/2/22,2005022,41,2,16,20,32,35,24,蛇猴马虎虎猪狗
2005/2/24,2005023,25,6,41,22,39,49,13,鸡龙蛇鼠羊鸡鸡
2005/2/26,2005024,36,42,44,41,16,1,18,狗龙虎蛇马鸡龙
2005/3/1,2005025,25,3,33,35,12,7,30,鸡羊牛猪狗兔龙
2005/3/3,2005026,43,25,40,31,5,2,22,兔鸡马兔蛇猴鼠
2005/3/6,2005027,35,16,2,10,37,45,26,猪马猴鼠鸡牛猴
2005/3/8,2005028,48,17,4,8,47,39,1,狗蛇马虎猪羊鸡
2005/3/10,2005029,49,24,8,42,3,7,37,鸡狗虎龙羊兔鸡
2005/3/12,2005030,11,31,28,6,3,8,19,猪兔马龙羊虎兔
2005/3/15,2005031,44,49,27,45,2,6,23,虎鸡羊牛猴龙猪
2005/3/18,2005032,48,44,25,30,22,2,46,狗虎鸡龙鼠猴鼠
2005/3/20,2005033,1,36,21,9,47,35,33,鸡狗牛牛猪猪牛
2005/3/22,2005034,9,24,2,13,10,15,19,牛狗猴鸡鼠羊兔
2005/3/24,2005035,22,24,25,10,13,2,5,鼠狗鸡鼠鸡猴蛇
2005/3/27,2005036,2,37,14,10,29,5,3,猴鸡猴鼠蛇蛇羊
2005/3/29,2005037,9,47,21,6,46,13,12,牛猪牛龙鼠鸡狗
2005/3/31,2005038,43,12,38,14,2,39,48,兔狗猴猴猴羊狗
2005/4/2,2005039,43,31,17,22,12,11,45,兔兔蛇鼠狗猪牛
2005/4/5,2005040,15,25,29,10,37,34,13,羊鸡蛇鼠鸡鼠鸡
2005/4/7,2005041,1,49,5,25,35,24,14,鸡鸡蛇鸡猪狗猴
2005/4/10,2005042,14,3,40,49,46,5,6,猴羊马鸡鼠蛇龙
2005/4/12,2005043,22,10,36,23,28,9,49,鼠鼠狗猪马牛鸡
2005/4/14,2005044,45,12,17,47,43,33,10,牛狗蛇猪兔牛鼠
2005/4/17,2005045,15,42,49,29,19,11,5,羊龙鸡蛇兔猪蛇
2005/4/19,2005046,9,33,35,22,4,30,13,牛牛猪鼠马龙鸡
2005/4/21,2005047,13,2,38,17,3,14,31,鸡猴猴蛇羊猴兔
2005/4/23,2005048,45,3,27,38,31,9,34,牛羊羊猴兔牛鼠
2005/4/26,2005049,13,39,30,47,36,12,8,鸡羊龙猪狗狗虎
2005/4/28,2005050,8,22,2,38,40,36,5,虎鼠猴猴马狗蛇
2005/4/30,2005051,37,36,21,13,30,16,2,鸡狗牛鸡龙马猴
2005/5/3,2005052,25,16,8,33,37,2,1,鸡马虎牛鸡猴鸡
2005/5/5,2005053,22,20,21,9,30,48,6,鼠虎牛牛龙狗龙
2005/5/8,2005054,49,10,9,7,21,39,41,鸡鼠牛兔牛羊蛇
2005/5/10,2005055,11,36,20,14,41,4,15,猪狗虎猴蛇马羊
2005/5/12,2005056,38,2,35,14,23,16,47,猴猴猪猴猪马猪
2005/5/15,2005057,12,7,45,33,44,18,32,狗兔牛牛虎龙虎
2005/5/17,2005058,39,14,17,42,32,3,8,羊猴蛇龙虎羊虎
2005/5/19,2005059,31,16,47,18,34,23,38,兔马猪龙鼠猪猴
2005/5/22,2005060,16,21,6,10,20,5,19,马牛龙鼠虎蛇兔
2005/5/24,2005061,22,11,42,23,1,18,10,鼠猪龙猪鸡龙鼠
2005/5/26,2005062,45,33,49,43,12,39,10,牛牛鸡兔狗羊鼠
2005/5/28,2005063,46,23,28,17,26,22,2,鼠猪马蛇猴鼠猴
2005/5/31,2005064,43,16,24,17,19,11,13,兔马狗蛇兔猪鸡
2005/6/2,2005065,43,39,20,33,17,4,26,兔羊虎牛蛇马猴
2005/6/4,2005066,40,4,39,20,32,42,33,马马羊虎虎龙牛
2005/6/7,2005067,41,26,48,11,18,10,27,蛇猴狗猪龙鼠羊
2005/6/9,2005068,3,13,37,27,36,29,24,羊鸡鸡羊狗蛇狗
2005/6/11,2005069,29,40,48,18,11,22,44,蛇马狗龙猪鼠虎
2005/6/14,2005070,22,18,7,2,48,5,11,鼠龙兔猴狗蛇猪
2005/6/16,2005071,36,35,5,44,7,15,4,狗猪蛇虎兔羊马
2005/6/19,2005072,6,47,15,25,26,18,27,龙猪羊鸡猴龙羊
2005/6/21,2005073,11,32,22,31,29,42,3,猪虎鼠兔蛇龙羊
2005/6/23,2005074,38,2,21,44,48,29,10,猴猴牛虎狗蛇鼠
2005/6/25,2005075,38,40,15,49,33,25,21,猴马羊鸡牛鸡牛
2005/6/28,2005076,1,32,25,46,23,30,42,鸡虎鸡鼠猪龙龙
2005/6/30,2005077,22,27,36,4,32,16,17,鼠羊狗马虎马蛇
2005/7/2,2005078,43,23,32,45,2,4,42,兔猪虎牛猴马龙
2005/7/5,2005079,43,41,9,6,13,21,45,兔蛇牛龙鸡牛牛
2005/7/7,2005080,30,31,4,22,34,24,17,龙兔马鼠鼠狗蛇
2005/7/9,2005081,39,23,6,21,16,10,5,羊猪龙牛马鼠蛇
2005/7/12,2005082,22,7,34,6,30,18,2,鼠兔鼠龙龙龙猴
2005/7/14,2005083,34,17,49,48,10,18,29,鼠蛇鸡狗鼠龙蛇
2005/7/16,2005084,49,5,6,35,39,17,44,鸡蛇龙猪羊蛇虎
2005/7/19,2005085,42,31,14,30,26,5,4,龙兔猴龙猴蛇马
2005/7/21,2005086,15,13,29,8,48,28,3,羊鸡蛇虎狗马羊
2005/7/23,2005087,15,7,22,8,35,49,17,羊兔鼠虎猪鸡蛇
2005/7/26,2005088,25,14,6,27,12,30,8,鸡猴龙羊狗龙虎
2005/7/29,2005089,43,39,42,49,35,25,5,兔羊龙鸡猪鸡蛇
2005/7/31,2005090,46,14,13,33,5,45,25,鼠猴鸡牛蛇牛鸡
2005/8/2,2005091,33,25,42,36,21,48,13,牛鸡龙狗牛狗鸡
2005/8/4,2005092,27,19,47,38,7,1,3,羊兔猪猴兔鸡羊
2005/8/6,2005093,33,21,5,44,34,45,40,牛牛蛇虎鼠牛马
2005/8/9,2005094,22,38,9,35,13,39,4,鼠猴牛猪鸡羊马
2005/8/11,2005095,38,11,9,23,29,33,6,猴猪牛猪蛇牛龙
2005/8/13,2005096,32,49,13,9,38,48,41,虎鸡鸡牛猴狗蛇
2005/8/16,2005097,27,21,37,1,48,11,18,羊牛鸡鸡狗猪龙
2005/8/18,2005098,39,19,24,41,49,2,21,羊兔狗蛇鸡猴牛
2005/8/20,2005099,17,22,8,29,3,13,18,蛇鼠虎蛇羊鸡龙
2005/8/23,2005100,26,1,36,47,14,3,42,猴鸡狗猪猴羊龙
2005/8/25,2005101,39,29,5,20,25,13,35,羊蛇蛇虎鸡鸡猪
2005/8/27,2005102,3,37,20,23,1,33,14,羊鸡虎猪鸡牛猴
2005/8/30,2005103,17,4,26,46,40,9,18,蛇马猴鼠马牛龙
2005/9/1,2005104,19,24,48,4,21,14,10,兔狗狗马牛猴鼠
2005/9/3,2005105,18,48,34,11,35,7,42,龙狗鼠猪猪兔龙
2005/9/6,2005106,39,15,9,41,23,20,44,羊羊牛蛇猪虎虎
2005/9/8,2005107,10,13,8,48,31,14,47,鼠鸡虎狗兔猴猪
2005/9/10,2005108,4,1,33,40,19,34,25,马鸡牛马兔鼠鸡
2005/9/13,2005109,41,46,39,29,26,16,34,蛇鼠羊蛇猴马鼠
2005/9/16,2005110,28,24,42,33,22,34,48,马狗龙牛鼠鼠狗
2005/9/18,2005111,14,5,27,3,8,35,9,猴蛇羊羊虎猪牛
2005/9/20,2005112,21,4,5,47,37,26,7,牛马蛇猪鸡猴兔
2005/9/22,2005113,4,19,12,2,13,42,39,马兔狗猴鸡龙羊
2005/9/25,2005114,26,14,19,6,1,30,17,猴猴兔龙鸡龙蛇
2005/9/27,2005115,17,35,43,28,1,20,18,蛇猪兔马鸡虎龙
2005/9/30,2005116,24,25,14,35,11,20,33,狗鸡猴猪猪虎牛
2005/10/4,2005117,2,16,36,25,9,38,14,猴马狗鸡牛猴猴
2005/10/6,2005118,27,29,45,26,23,30,18,羊蛇牛猴猪龙龙
2005/10/8,2005119,48,15,25,11,9,44,27,狗羊鸡猪牛虎羊
2005/10/11,2005120,9,29,48,16,8,24,5,牛蛇狗马虎狗蛇
2005/10/13,2005121,24,34,35,38,47,41,45,狗鼠猪猴猪蛇牛
2005/10/15,2005122,17,14,3,47,46,41,20,蛇猴羊猪鼠蛇虎
2005/10/18,2005123,20,15,42,14,18,38,35,虎羊龙猴龙猴猪
2005/10/20,2005124,44,43,30,22,6,10,29,虎兔龙鼠龙鼠蛇
2005/10/23,2005125,30,9,31,25,35,37,1,龙牛兔鸡猪鸡鸡
2005/10/25,2005126,12,26,3,39,30,41,25,狗猴羊羊龙蛇鸡
2005/10/27,2005127,19,13,5,40,2,49,7,兔鸡蛇马猴鸡兔
2005/10/29,2005128,11,8,37,31,10,24,38,猪虎鸡兔鼠狗猴
2005/10/31,2005129,34,41,2,18,37,30,28,鼠蛇猴龙鸡龙马
2005/11/3,2005130,34,3,10,1,31,35,27,鼠羊鼠鸡兔猪羊
2005/11/6,2005131,11,20,38,49,3,13,19,猪虎猴鸡羊鸡兔
2005/11/8,2005132,49,48,3,35,13,10,33,鸡狗羊猪鸡鼠牛
2005/11/10,2005133,48,12,7,37,41,8,40,狗狗兔鸡蛇虎马
2005/11/12,2005134,22,24,21,40,1,13,27,鼠狗牛马鸡鸡羊
2005/11/15,2005135,26,30,23,24,47,49,43,猴龙猪狗猪鸡兔
2005/11/17,2005136,15,10,9,4,49,14,5,羊鼠牛马鸡猴蛇
2005/11/19,2005137,15,46,2,3,32,30,23,羊鼠猴羊虎龙猪
2005/11/22,2005138,12,31,23,25,45,44,3,狗兔猪鸡牛虎羊
2005/11/24,2005139,5,8,13,43,4,1,22,蛇虎鸡兔马鸡鼠
2005/11/26,2005140,38,3,45,37,25,16,18,猴羊牛鸡鸡马龙
2005/11/29,2005141,24,45,26,18,44,13,27,狗牛猴龙虎鸡羊
2005/12/1,2005142,47,33,41,38,32,10,6,猪牛蛇猴虎鼠龙
2005/12/4,2005143,37,27,32,9,10,45,4,鸡羊虎牛鼠牛马
2005/12/6,2005144,15,7,3,2,14,1,11,羊兔羊猴猴鸡猪
2005/12/8,2005145,3,36,31,16,42,9,20,羊狗兔马龙牛虎
2005/12/10,2005146,2,35,22,32,9,41,20,猴猪鼠虎牛蛇虎
2005/12/13,2005147,6,1,33,22,47,14,9,龙鸡牛鼠猪猴牛
2005/12/15,2005148,43,27,19,14,12,34,24,兔羊兔猴狗鼠狗
2005/12/18,2005149,15,40,4,22,1,44,2,羊马马鼠鸡虎猴
2005/12/20,2005150,16,20,30,9,19,43,44,马虎龙牛兔兔虎
2005/12/22,2005151,42,24,8,19,23,18,32,龙狗虎兔猪龙虎
2005/12/24,2005152,10,22,36,20,6,19,3,鼠鼠狗虎龙兔羊
2005/12/27,2005153,9,4,43,18,17,31,19,牛马兔龙蛇兔兔
2005/12/29,2005154,21,22,11,24,41,9,33,牛鼠猪狗蛇牛牛
2005/12/31,2005155,11,7,31,43,40,2,36,猪兔兔兔马猴狗
2006/1/3,2006001,25,17,38,26,23,24,47,鸡蛇猴猴猪狗猪
2006/1/5,2006002,10,22,46,44,5,38,13,鼠鼠鼠虎蛇猴鸡
2006/1/8,2006003,38,26,28,42,10,1,43,猴猴马龙鼠鸡兔
2006/1/10,2006004,38,39,21,25,36,5,4,猴羊牛鸡狗蛇马
2006/1/12,2006005,15,37,36,24,27,25,35,羊鸡狗狗羊鸡猪
2006/1/14,2006006,19,34,1,12,29,32,46,兔鼠鸡狗蛇虎鼠
2006/1/17,2006007,13,47,11,25,29,38,12,鸡猪猪鸡蛇猴狗
2006/1/19,2006008,28,24,26,44,31,47,17,马狗猴虎兔猪蛇
2006/1/21,2006009,20,1,7,45,40,34,22,虎鸡兔牛马鼠鼠
2006/1/24,2006010,28,35,6,33,31,14,26,马猪龙牛兔猴猴
2006/1/26,2006011,18,22,27,28,43,23,35,龙鼠羊马兔猪猪
2006/1/28,2006012,41,27,30,16,22,39,40,蛇羊龙马鼠羊马
2006/1/30,2006013,21,48,35,9,33,22,43,虎猪鼠虎虎牛龙
2006/2/2,2006014,37,20,4,23,5,3,38,狗兔羊鼠马猴鸡
2006/2/4,2006015,41,39,40,34,45,19,23,马猴羊牛虎龙鼠
2006/2/7,2006016,5,40,41,24,15,12,44,马羊马猪猴猪兔
2006/2/9,2006017,3,6,13,29,39,49,9,猴蛇狗马猴狗虎
2006/2/12,2006018,12,26,15,41,45,30,4,猪鸡猴马虎蛇羊
2006/2/14,2006019,43,7,34,32,42,22,6,龙龙牛兔蛇牛蛇
2006/2/16,2006020,34,22,3,16,12,29,30,牛牛猴羊猪马蛇
2006/2/18,2006021,14,46,12,28,42,10,37,鸡牛猪羊蛇牛狗
2006/2/21,2006022,31,36,24,7,49,15,40,龙猪猪龙狗猴羊
2006/2/23,2006023,18,31,35,40,43,39,10,蛇龙鼠羊龙猴牛
2006/2/25,2006024,34,18,37,22,13,31,19,牛蛇狗牛狗龙龙
2006/2/28,2006025,40,23,10,25,27,14,37,羊鼠牛狗猴鸡狗
2006/3/2,2006026,5,14,22,43,29,1,20,马鸡牛龙马狗兔
2006/3/5,2006027,22,1,7,15,14,45,24,牛狗龙猴鸡虎猪
2006/3/7,2006028,30,49,11,42,48,2,36,蛇狗鼠蛇猪鸡猪
2006/3/9,2006029,40,20,30,9,19,39,10,羊兔蛇虎龙猴牛
2006/3/11,2006030,1,14,19,30,21,13,40,狗鸡龙蛇虎狗羊
2006/3/14,2006031,12,39,48,7,13,25,9,猪猴猪龙狗狗虎
2006/3/16,2006032,33,42,4,37,49,27,36,虎蛇羊狗狗猴猪
2006/3/18,2006033,1,30,43,6,33,13,9,狗蛇龙蛇虎狗虎
2006/3/21,2006034,16,4,23,22,43,8,18,羊羊鼠牛龙兔蛇
2006/3/23,2006035,26,7,20,3,18,32,10,鸡龙兔猴蛇兔牛
2006/3/25,2006036,36,43,42,32,45,26,44,猪龙蛇兔虎鸡兔
2006/3/28,2006037,21,15,3,28,10,1,37,虎猴猴羊牛狗狗
2006/3/30,2006038,2,12,33,19,17,30,23,鸡猪虎龙马蛇鼠
2006/4/2,2006039,12,29,39,8,25,45,44,猪马猴兔狗虎兔
2006/4/4,2006040,11,43,14,7,35,38,26,鼠龙鸡龙鼠鸡鸡
2006/4/7,2006041,29,35,11,10,16,30,28,马鼠鼠牛羊蛇羊
2006/4/9,2006042,47,18,45,44,34,28,8,鼠蛇虎兔牛羊兔
2006/4/11,2006043,41,5,26,21,30,36,17,马马鸡虎蛇猪马
2006/4/13,2006044,32,13,28,39,49,44,48,兔狗羊猴狗兔猪
2006/4/16,2006045,22,20,29,38,11,9,37,牛兔马鸡鼠虎狗
2006/4/18,2006046,28,27,44,38,14,11,12,羊猴兔鸡鸡鼠猪
2006/4/20,2006047,2,16,9,12,37,40,19,鸡羊虎猪狗羊龙
2006/4/22,2006048,28,42,46,8,6,11,31,羊蛇牛兔蛇鼠龙
2006/4/25,2006049,2,32,24,29,26,33,6,鸡兔猪马鸡虎蛇
2006/4/27,2006050,7,34,37,1,8,30,41,龙牛狗狗兔蛇马
2006/4/29,2006051,24,10,6,19,28,47,22,猪牛蛇龙羊鼠牛
2006/5/2,2006052,27,33,45,3,13,18,29,猴虎虎猴狗蛇马
2006/5/4,2006053,48,46,3,32,2,47,35,猪牛猴兔鸡鼠鼠
2006/5/6,2006054,32,17,23,31,5,28,18,兔马鼠龙马羊蛇
2006/5/9,2006055,26,18,43,24,25,22,23,鸡蛇龙猪狗牛鼠
2006/5/11,2006056,29,7,12,15,27,49,36,马龙猪猴猴狗猪
2006/5/14,2006057,1,23,14,45,7,48,43,狗鼠鸡虎龙猪龙
2006/5/16,2006058,35,26,23,36,39,43,5,鼠鸡鼠猪猴龙马
2006/5/18,2006059,40,11,31,23,33,32,49,羊鼠龙鼠虎兔狗
2006/5/20,2006060,15,38,20,46,41,44,34,猴鸡兔牛马兔牛
2006/5/23,2006061,47,14,1,45,28,41,29,鼠鸡狗虎羊马马
2006/5/25,2006062,29,40,38,9,39,27,47,马羊鸡虎猴猴鼠
2006/5/27,2006063,35,1,22,34,36,47,7,鼠狗牛牛猪鼠龙
2006/5/30,2006064,10,33,16,30,21,48,19,牛虎羊蛇虎猪龙
2006/6/1,2006065,35,24,44,17,46,12,10,鼠猪兔马牛猪牛
2006/6/3,2006066,36,9,29,16,5,47,17,猪虎马羊马鼠马
2006/6/6,2006067,49,2,31,9,42,29,5,狗鸡龙虎蛇马马
2006/6/8,2006068,41,46,34,17,36,48,26,马牛牛马猪猪鸡
2006/6/11,2006069,40,3,5,7,45,18,15,羊猴马龙虎蛇猴
2006/6/13,2006070,45,2,6,33,17,42,13,虎鸡蛇虎马蛇狗
2006/6/15,2006071,15,16,24,4,45,22,2,猴羊猪羊虎牛鸡
2006/6/18,2006072,7,6,5,35,27,18,19,龙蛇马鼠猴蛇龙
2006/6/20,2006073,4,40,17,42,39,5,3,羊羊马蛇猴马猴
2006/6/22,2006074,4,36,5,49,33,48,2,羊猪马狗虎猪鸡
2006/6/24,2006075,18,33,36,21,32,37,6,蛇虎猪虎兔狗蛇
2006/6/27,2006076,49,27,12,21,26,10,14,狗猴猪虎鸡牛鸡
2006/6/29,2006077,17,36,19,2,3,13,47,马猪龙鸡猴狗鼠
2006/7/1,2006078,4,30,47,48,13,42,40,羊蛇鼠猪狗蛇羊
2006/7/4,2006079,19,1,4,5,14,13,18,龙狗羊马鸡狗蛇
2006/7/6,2006080,7,1,16,49,21,9,12,龙狗羊狗虎虎猪
2006/7/8,2006081,33,6,30,10,2,13,40,虎蛇蛇牛鸡狗羊
2006/7/11,2006082,34,45,30,42,1,46,8,牛虎蛇蛇狗牛兔
2006/7/13,2006083,34,10,1,36,8,9,17,牛牛狗猪兔虎马
2006/7/15,2006084,23,20,9,34,35,45,15,鼠兔虎牛鼠虎猴
2006/7/18,2006085,27,22,39,13,10,32,43,猴牛猴狗牛兔龙
2006/7/20,2006086,33,15,6,13,30,26,16,虎猴蛇狗蛇鸡羊
2006/7/22,2006087,2,16,24,6,23,20,19,鸡羊猪蛇鼠兔龙
2006/7/25,2006088,34,16,10,38,41,23,5,牛羊牛鸡马鼠马
2006/7/27,2006089,47,1,43,19,31,21,18,鼠狗龙龙龙虎蛇
2006/7/29,2006090,2,29,35,34,23,37,41,鸡马鼠牛鼠狗马
2006/8/1,2006091,7,10,46,34,20,30,19,龙牛牛牛兔蛇龙
2006/8/3,2006092,45,10,9,19,16,32,18,虎牛虎龙羊兔蛇
2006/8/5,2006093,14,16,1,45,11,8,41,鸡羊狗虎鼠兔马
2006/8/8,2006094,20,10,24,32,49,28,9,兔牛猪兔狗羊虎
2006/8/10,2006095,12,18,15,35,23,38,33,猪蛇猴鼠鼠鸡虎
2006/8/12,2006096,18,28,26,2,43,13,41,蛇羊鸡鸡龙狗马
2006/8/15,2006097,30,47,18,8,21,23,10,蛇鼠蛇兔虎鼠牛
2006/8/17,2006098,37,27,17,38,10,19,26,狗猴马鸡牛龙鸡
2006/8/19,2006099,27,43,3,45,25,28,42,猴龙猴虎狗羊蛇
2006/8/22,2006100,49,48,8,18,22,34,33,狗猪兔蛇牛牛虎
2006/8/24,2006101,40,45,21,14,3,11,8,羊虎虎鸡猴鼠兔
2006/8/26,2006102,27,31,43,29,39,36,23,猴龙龙马猴猪鼠
2006/8/29,2006103,49,40,37,48,34,14,30,狗羊狗猪牛鸡蛇
2006/8/31,2006104,46,26,45,30,4,35,20,牛鸡虎蛇羊鼠兔
2006/9/2,2006105,48,46,34,17,16,3,41,猪牛牛马羊猴马
2006/9/5,2006106,22,8,48,4,14,41,39,牛兔猪羊鸡马猴
2006/9/7,2006107,8,15,25,33,48,5,11,兔猴狗虎猪马鼠
2006/9/9,2006108,8,25,14,23,17,12,10,兔狗鸡鼠马猪牛
2006/9/12,2006109,41,2,40,32,45,43,30,马鸡羊兔虎龙蛇
2006/9/14,2006110,27,26,12,28,32,46,47,猴鸡猪羊兔牛鼠
2006/9/17,2006111,5,22,41,14,20,11,33,马牛马鸡兔鼠虎
2006/9/19,2006112,22,3,25,11,27,33,21,牛猴狗鼠猴虎虎
2006/9/21,2006113,48,40,1,33,22,43,35,猪羊狗虎牛龙鼠
2006/9/23,2006114,37,40,13,3,20,34,11,狗羊狗猴兔牛鼠
2006/9/26,2006115,32,15,18,43,7,9,8,兔猴蛇龙龙虎兔
2006/9/28,2006116,5,15,22,30,49,42,37,马猴牛蛇狗蛇狗
2006/9/30,2006117,1,12,23,11,4,2,6,狗猪鼠鼠羊鸡蛇
2006/10/3,2006118,5,35,9,45,1,19,30,马鼠虎虎狗龙蛇
2006/10/5,2006119,9,32,16,42,35,5,4,虎兔羊蛇鼠马羊
2006/10/8,2006120,28,22,4,1,17,27,15,羊牛羊狗马猴猴
2006/10/10,2006121,6,47,8,40,22,39,17,蛇鼠兔羊牛猴马
2006/10/12,2006122,22,9,10,26,38,5,39,牛虎牛鸡鸡马猴
2006/10/14,2006123,49,16,41,3,36,20,45,狗羊马猴猪兔虎
2006/10/17,2006124,5,33,36,22,40,29,32,马虎猪牛羊马兔
2006/10/19,2006125,11,29,44,15,9,35,18,鼠马兔猴虎鼠蛇
2006/10/22,2006126,26,42,3,24,18,43,16,鸡蛇猴猪蛇龙羊
2006/10/24,2006127,28,48,30,29,12,44,34,羊猪蛇马猪兔牛
2006/10/26,2006128,17,13,5,41,8,26,22,马狗马马兔鸡牛
2006/10/28,2006129,28,44,33,42,7,35,41,羊兔虎蛇龙鼠马
2006/10/31,2006130,44,6,1,35,28,13,30,兔蛇狗鼠羊狗蛇
2006/11/2,2006131,39,5,28,7,35,36,31,猴马羊龙鼠猪龙
2006/11/5,2006132,45,38,11,42,41,22,20,虎鸡鼠蛇马牛兔
2006/11/9,2006133,21,38,36,2,34,22,45,虎鸡猪鸡牛牛虎
2006/11/11,2006134,13,48,10,31,18,21,17,狗猪牛龙蛇虎马
2006/11/14,2006135,8,36,20,49,14,34,46,兔猪兔狗鸡牛牛
2006/11/16,2006136,44,35,10,32,3,12,41,兔鼠牛兔猴猪马
2006/11/18,2006137,14,10,40,49,34,11,43,鸡牛羊狗牛鼠龙
2006/11/21,2006138,35,3,26,7,31,16,18,鼠猴鸡龙龙羊蛇
2006/11/23,2006139,6,19,41,32,49,10,5,蛇龙马兔狗牛马
2006/11/25,2006140,35,36,7,18,30,49,29,鼠猪龙蛇蛇狗马
2006/11/28,2006141,23,36,21,35,6,10,8,鼠猪虎鼠蛇牛兔
2006/11/30,2006142,9,27,31,35,8,5,15,虎猴龙鼠兔马猴
2006/12/3,2006143,32,25,22,10,44,34,30,兔狗牛牛兔牛蛇
2006/12/5,2006144,20,45,46,21,41,38,14,兔虎牛虎马鸡鸡
2006/12/7,2006145,5,10,40,8,27,34,47,马牛羊兔猴牛鼠
2006/12/9,2006146,21,28,24,48,22,43,44,虎羊猪猪牛龙兔
2006/12/12,2006147,39,15,41,6,26,30,14,猴猴马蛇鸡蛇鸡
2006/12/14,2006148,37,47,15,14,29,2,45,狗鼠猴鸡马鸡虎
2006/12/17,2006149,13,21,17,22,9,33,41,狗虎马牛虎虎马
2006/12/19,2006150,11,32,48,5,33,17,4,鼠兔猪马虎马羊
2006/12/21,2006151,5,48,35,28,46,49,11,马猪鼠羊牛狗鼠
2006/12/24,2006152,31,34,16,39,42,29,41,龙牛羊猴蛇马马
2006/12/28,2006153,11,3,14,27,20,44,43,鼠猴鸡猴兔兔龙
2006/12/30,2006154,7,30,21,6,5,40,42,龙蛇虎蛇马羊蛇
2007/1/2,2007001,12,6,14,32,30,38,41,猪蛇鸡兔蛇鸡马
2007/1/4,2007002,7,33,8,49,40,42,13,龙虎兔狗羊蛇狗
2007/1/6,2007003,49,38,3,17,33,43,14,狗鸡猴马虎龙鸡
2007/1/9,2007004,19,11,34,14,16,43,48,龙鼠牛鸡羊龙猪
2007/1/11,2007005,27,10,41,40,2,1,43,猴牛马羊鸡狗龙
2007/1/13,2007006,28,7,6,38,25,45,16,羊龙蛇鸡狗虎羊
2007/1/16,2007007,4,23,42,25,38,14,10,羊鼠蛇狗鸡鸡牛
2007/1/18,2007008,7,48,49,33,10,39,42,龙猪狗虎牛猴蛇
2007/1/21,2007009,28,9,26,36,18,44,19,羊虎鸡猪蛇兔龙
2007/1/23,2007010,25,19,35,6,32,31,15,狗龙鼠蛇兔龙猴
2007/1/25,2007011,6,5,24,23,38,48,30,蛇马猪鼠鸡猪蛇
2007/1/27,2007012,25,36,39,11,26,41,16,狗猪猴鼠鸡马羊
2007/1/30,2007013,11,12,24,14,18,9,38,鼠猪猪鸡蛇虎鸡
2007/2/1,2007014,33,8,13,32,39,47,17,虎兔狗兔猴鼠马
2007/2/3,2007015,27,11,39,19,12,6,28,猴鼠猴龙猪蛇羊
2007/2/6,2007016,47,42,22,12,19,11,36,鼠蛇牛猪龙鼠猪
2007/2/8,2007017,44,27,26,37,24,9,3,兔猴鸡狗猪虎猴
2007/2/11,2007018,32,22,11,45,25,41,1,兔牛鼠虎狗马狗
2007/2/13,2007019,3,13,21,22,14,32,7,猴狗虎牛鸡兔龙
2007/2/15,2007020,38,7,17,48,15,45,46,鸡龙马猪猴虎牛
2007/2/17,2007021,33,28,9,42,16,17,29,虎羊虎蛇羊马马
2007/2/19,2007022,37,35,4,18,47,17,32,猪牛猴马牛羊龙
2007/2/22,2007023,18,39,32,8,11,2,46,马鸡龙龙牛狗虎
2007/2/24,2007024,32,36,9,24,7,22,8,龙鼠兔鼠蛇虎龙
2007/2/27,2007025,38,30,10,41,16,9,2,狗马虎羊猴兔狗
2007/3/1,2007026,43,18,25,29,16,33,41,蛇马猪羊猴兔羊
2007/3/3,2007027,30,4,43,46,10,35,14,马猴蛇虎虎牛狗
2007/3/6,2007028,27,41,5,8,22,32,45,鸡羊羊龙虎龙兔
2007/3/8,2007029,6,16,12,49,33,25,48,马猴鼠猪兔猪鼠
2007/3/11,2007030,2,16,7,30,37,39,20,狗猴蛇马猪鸡龙
2007/3/13,2007031,4,1,39,46,12,35,14,猴猪鸡虎鼠牛狗
2007/3/15,2007032,45,14,39,40,49,1,42,兔狗鸡猴猪猪马
2007/3/17,2007033,49,45,23,36,26,21,2,猪兔牛鼠狗兔狗
2007/3/20,2007034,23,42,1,11,37,43,24,牛马猪牛猪蛇鼠
2007/3/22,2007035,12,47,43,6,15,9,49,鼠牛蛇马鸡兔猪
2007/3/24,2007036,12,5,22,6,40,2,24,鼠羊虎马猴狗鼠
2007/3/27,2007037,32,12,24,46,36,21,13,龙鼠鼠虎鼠兔猪
2007/3/29,2007038,23,40,45,2,44,22,32,牛猴兔狗龙虎龙
2007/4/1,2007039,16,17,38,28,21,45,10,猴羊狗猴兔兔虎
2007/4/3,2007040,22,48,9,30,42,41,49,虎鼠兔马马羊猪
2007/4/5,2007041,13,40,33,35,48,39,27,猪猴兔牛鼠鸡鸡
2007/4/7,2007042,5,36,41,23,8,7,24,羊鼠羊牛龙蛇鼠
2007/4/10,2007043,45,13,6,9,31,40,47,兔猪马兔蛇猴牛
2007/4/12,2007044,27,45,4,35,8,24,15,鸡兔猴牛龙鼠鸡
2007/4/15,2007045,14,19,44,11,35,49,10,狗蛇龙牛牛猪虎
2007/4/17,2007046,43,40,49,45,20,2,38,蛇猴猪兔龙狗狗
2007/4/19,2007047,7,48,29,15,9,32,38,蛇鼠羊鸡兔龙狗
2007/4/21,2007048,19,41,42,49,27,44,20,蛇羊马猪鸡龙龙
2007/4/24,2007049,7,19,4,14,6,37,9,蛇蛇猴狗马猪兔
2007/4/26,2007050,35,17,24,22,40,37,11,牛羊鼠虎猴猪牛
2007/4/30,2007051,44,38,27,11,10,18,37,龙狗鸡牛虎马猪
2007/5/3,2007052,32,3,17,47,44,46,33,龙鸡羊牛龙虎兔
2007/5/5,2007053,20,11,45,7,49,9,42,龙牛兔蛇猪兔马
2007/5/8,2007054,11,46,30,23,20,48,22,牛虎马牛龙鼠虎
2007/5/10,2007055,4,6,41,14,46,12,15,猴马羊狗虎鼠鸡
2007/5/13,2007056,36,38,25,16,14,28,40,鼠狗猪猴狗猴猴
2007/5/15,2007057,36,43,33,42,12,30,15,鼠蛇兔马鼠马鸡
2007/5/17,2007058,5,27,4,37,14,39,35,羊鸡猴猪狗鸡牛
2007/5/19,2007059,46,21,36,31,24,38,43,虎兔鼠蛇鼠狗蛇
2007/5/22,2007060,38,20,40,23,28,21,13,狗龙猴牛猴兔猪
2007/5/26,2007061,29,23,36,26,24,41,12,羊牛鼠狗鼠羊鼠
2007/5/29,2007062,25,8,2,46,12,29,7,猪龙狗虎鼠羊蛇
2007/5/31,2007063,1,25,38,7,20,4,17,猪猪狗蛇龙猴羊
2007/6/2,2007064,26,16,42,46,20,27,32,狗猴马虎龙鸡龙
2007/6/5,2007065,11,22,37,5,9,21,32,牛虎猪羊兔兔龙
2007/6/7,2007066,1,4,47,44,15,34,7,猪猴牛龙鸡虎蛇
2007/6/10,2007067,48,6,9,1,37,36,13,鼠马兔猪猪鼠猪
2007/6/12,2007068,45,31,30,7,47,41,4,兔蛇马蛇牛羊猴
2007/6/14,2007069,19,41,21,29,33,3,46,蛇羊兔羊兔鸡虎
2007/6/16,2007070,28,3,15,37,18,19,30,猴鸡鸡猪马蛇马
2007/6/19,2007071,8,11,12,20,32,4,47,龙牛鼠龙龙猴牛
2007/6/21,2007072,26,43,45,5,11,1,22,狗蛇兔羊牛猪虎
2007/6/23,2007073,10,27,28,31,38,24,23,虎鸡猴蛇狗鼠牛
2007/6/26,2007074,2,47,17,35,24,32,34,狗牛羊牛鼠龙虎
2007/6/28,2007075,46,41,38,4,40,15,33,虎羊狗猴猴鸡兔
2007/6/30,2007076,18,44,4,37,1,10,20,马龙猴猪猪虎龙
2007/7/3,2007077,48,22,45,16,35,36,32,鼠虎兔猴牛鼠龙
2007/7/5,2007078,38,25,26,14,23,35,21,狗猪狗狗牛牛兔
2007/7/7,2007079,8,10,35,45,4,15,16,龙虎牛兔猴鸡猴
2007/7/10,2007080,17,43,12,31,13,24,49,羊蛇鼠蛇猪鼠猪
2007/7/12,2007081,6,16,18,22,17,49,33,马猴马虎羊猪兔
2007/7/14,2007082,45,24,30,49,19,10,34,兔鼠马猪蛇虎虎
2007/7/17,2007083,10,12,42,5,13,16,41,虎鼠马羊猪猴羊
2007/7/19,2007084,1,45,42,27,26,36,12,猪兔马鸡狗鼠鼠
2007/7/21,2007085,43,45,9,18,5,40,17,蛇兔兔马羊猴羊
2007/7/24,2007086,41,49,30,16,26,36,13,羊猪马猴狗鼠猪
2007/7/26,2007087,22,46,28,32,13,37,17,虎虎猴龙猪猪羊
2007/7/28,2007088,30,31,29,38,18,21,34,马蛇羊狗马兔虎
2007/7/31,2007089,48,21,3,47,43,4,7,鼠兔鸡牛蛇猴蛇
2007/8/2,2007090,29,40,8,22,35,41,6,羊猴龙虎牛羊马
2007/8/7,2007091,48,45,14,26,1,32,46,鼠兔狗狗猪龙虎
2007/8/9,2007092,44,4,3,17,12,5,37,龙猴鸡羊鼠羊猪
2007/8/11,2007093,35,38,43,44,6,9,41,牛狗蛇龙马兔羊
2007/8/14,2007094,9,27,12,40,29,7,5,兔鸡鼠猴羊蛇羊
2007/8/16,2007095,18,16,30,14,35,26,10,马猴马狗牛狗虎
2007/8/18,2007096,18,22,35,14,40,31,46,马虎牛狗猴蛇虎
2007/8/21,2007097,48,22,13,10,36,33,31,鼠虎猪虎鼠兔蛇
2007/8/24,2007098,28,43,20,10,37,19,6,猴蛇龙虎猪蛇马
2007/8/26,2007099,42,6,44,23,20,45,13,马马龙牛龙兔猪
2007/8/28,2007100,4,43,37,20,27,9,7,猴蛇猪龙鸡兔蛇
2007/8/30,2007101,34,39,23,13,3,4,37,虎鸡牛猪鸡猴猪
2007/9/1,2007102,2,44,16,39,38,6,15,狗龙猴鸡狗马鸡
2007/9/4,2007103,38,49,45,6,28,44,34,狗猪兔马猴龙虎
2007/9/6,2007104,4,44,12,35,40,18,38,猴龙鼠牛猴马狗
2007/9/8,2007105,3,31,34,35,14,1,16,鸡蛇虎牛狗猪猴
2007/9/11,2007106,36,44,14,26,23,35,5,鼠龙狗狗牛牛羊
2007/9/13,2007107,38,32,8,25,14,15,11,狗龙龙猪狗鸡牛
2007/9/16,2007108,8,24,17,27,7,6,38,龙鼠羊鸡蛇马狗
2007/9/18,2007109,41,10,37,43,12,24,17,羊虎猪蛇鼠鼠羊
2007/9/20,2007110,41,40,11,13,6,28,49,羊猴牛猪马猴猪
2007/9/22,2007111,24,6,48,44,49,5,45,鼠马鼠龙猪羊兔
2007/9/25,2007112,8,25,24,34,2,16,40,龙猪鼠虎狗猴猴
2007/9/27,2007113,45,9,6,34,23,17,2,兔兔马虎牛羊狗
2007/9/29,2007114,42,41,47,35,44,49,48,马羊牛牛龙猪鼠
2007/10/2,2007115,30,37,21,43,34,10,17,马猪兔蛇虎虎羊
2007/10/4,2007116,29,28,38,37,14,6,12,羊猴狗猪狗马鼠
2007/10/6,2007117,38,7,20,25,45,33,26,狗蛇龙猪兔兔狗
2007/10/9,2007118,16,49,32,10,9,23,19,猴猪龙虎兔牛蛇
2007/10/11,2007119,42,12,23,26,19,33,27,马鼠牛狗蛇兔鸡
2007/10/13,2007120,27,25,24,23,45,43,11,鸡猪鼠牛兔蛇牛
2007/10/16,2007121,10,6,11,14,31,40,49,虎马牛狗蛇猴猪
2007/10/18,2007122,39,37,47,1,48,2,34,鸡猪牛猪鼠狗虎
2007/10/20,2007123,19,14,42,18,4,30,34,蛇狗马马猴马虎
2007/10/23,2007124,31,37,21,29,13,6,25,蛇猪兔羊猪马猪
2007/10/25,2007125,35,42,4,49,14,31,1,牛马猴猪狗蛇猪
2007/10/27,2007126,35,27,30,46,43,2,36,牛鸡马虎蛇狗鼠
2007/10/30,2007127,31,19,41,47,42,12,13,蛇蛇羊牛马鼠猪
2007/11/1,2007128,18,43,24,5,9,12,7,马蛇鼠羊兔鼠蛇
2007/11/4,2007129,47,40,13,4,27,25,45,牛猴猪猴鸡猪兔
2007/11/8,2007130,30,37,14,28,6,18,21,马猪狗猴马马兔
2007/11/10,2007131,15,8,41,1,43,6,2,鸡龙羊猪蛇马狗
2007/11/13,2007132,2,42,30,6,15,38,29,狗马马马鸡狗羊
2007/11/15,2007133,16,18,41,45,27,12,29,猴马羊兔鸡鼠羊
2007/11/18,2007134,4,32,25,1,6,20,43,猴龙猪猪马龙蛇
2007/11/20,2007135,44,6,22,13,30,14,26,龙马虎猪马狗狗
2007/11/22,2007136,39,1,12,40,29,48,41,鸡猪鼠猴羊鼠羊
2007/11/24,2007137,40,42,19,5,32,25,4,猴马蛇羊龙猪猴
2007/11/27,2007138,7,45,27,33,35,25,6,蛇兔鸡兔牛猪马
2007/11/29,2007139,13,27,19,10,48,43,8,猪鸡蛇虎鼠蛇龙
2007/12/2,2007140,29,30,35,18,25,32,39,羊马牛马猪龙鸡
2007/12/4,2007141,45,26,28,30,23,18,15,兔狗猴马牛马鸡
2007/12/6,2007142,5,39,26,46,38,33,47,羊鸡狗虎狗兔牛
2007/12/8,2007143,35,14,41,38,42,9,40,牛狗羊狗马兔猴
2007/12/11,2007144,35,16,40,41,18,24,47,牛猴猴羊马鼠牛
2007/12/13,2007145,5,42,23,15,7,18,10,羊马牛鸡蛇马虎
2007/12/16,2007146,17,23,1,44,40,25,26,羊牛猪龙猴猪狗
2007/12/18,2007147,2,24,19,40,1,6,44,狗鼠蛇猴猪马龙
2007/12/22,2007148,1,46,17,9,28,42,32,猪虎羊兔猴马龙
2007/12/25,2007149,21,46,30,1,2,44,33,兔虎马猪狗龙兔
2007/12/27,2007150,17,37,48,40,38,7,43,羊猪鼠猴狗蛇蛇
2007/12/29,2007151,6,48,12,33,16,41,8,马鼠鼠兔猴羊龙
2007/12/31,2007152,21,23,45,37,15,16,4,兔牛兔猪鸡猴猴
2008/1/3,2008001,36,5,8,42,46,39,14,鼠羊龙马虎鸡狗
2008/1/5,2008002,33,3,42,14,32,11,15,兔鸡马狗龙牛鸡
2008/1/8,2008003,2,14,40,9,45,24,3,狗狗猴兔兔鼠鸡
2008/1/10,2008004,20,36,46,4,42,47,22,龙鼠虎猴马牛虎
2008/1/13,2008005,8,26,13,42,22,18,43,龙狗猪马虎马蛇
2008/1/15,2008006,15,37,45,10,18,11,26,鸡猪兔虎马牛狗
2008/1/17,2008007,36,35,24,40,8,19,23,鼠牛鼠猴龙蛇牛
2008/1/19,2008008,32,4,7,20,34,8,24,龙猴蛇龙虎龙鼠
2008/1/22,2008009,9,30,16,49,33,17,41,兔马猴猪兔羊羊
2008/1/24,2008010,38,23,26,46,10,42,29,狗牛狗虎虎马羊
2008/1/26,2008011,19,22,33,13,15,38,39,蛇虎兔猪鸡狗鸡
2008/1/29,2008012,43,33,16,24,22,44,29,蛇兔猴鼠虎龙羊
2008/1/31,2008013,49,24,41,42,32,48,10,猪鼠羊马龙鼠虎
2008/2/3,2008014,46,36,34,1,42,37,39,虎鼠虎猪马猪鸡
2008/2/5,2008015,6,43,36,48,40,3,8,马蛇鼠鼠猴鸡龙
2008/2/8,2008016,38,30,2,16,31,48,36,猪羊猪鸡马牛牛
2008/2/10,2008017,26,32,39,7,30,24,47,猪蛇狗马羊牛虎
2008/2/12,2008018,31,23,40,45,12,37,35,马虎鸡龙牛鼠虎
2008/2/14,2008019,4,15,39,6,29,33,18,鸡狗狗羊猴龙羊
2008/2/16,2008020,22,5,8,29,2,41,28,兔猴蛇猴猪猴鸡
2008/2/19,2008021,15,38,29,5,32,39,31,狗猪猴猴蛇狗马
2008/2/21,2008022,48,27,24,22,18,30,3,牛狗牛兔羊羊狗
2008/2/23,2008023,14,47,9,33,24,2,48,猪虎龙龙牛猪牛
2008/2/26,2008024,39,34,9,23,30,20,13,狗兔龙虎羊蛇鼠
2008/2/28,2008025,6,17,13,35,49,8,45,羊猴鼠虎鼠蛇龙
2008/3/2,2008026,7,22,5,35,32,30,13,马兔猴虎蛇羊鼠
2008/3/4,2008027,49,5,2,13,21,20,36,鼠猴猪鼠龙蛇牛
2008/3/6,2008028,25,7,12,24,39,44,27,鼠马牛牛狗蛇狗
2008/3/8,2008029,31,16,38,25,49,36,29,马鸡猪鼠鼠牛猴
2008/3/11,2008030,23,13,5,28,40,15,17,虎鼠猴鸡鸡狗猴
2008/3/13,2008031,36,31,44,33,28,12,7,牛马蛇龙鸡牛马
2008/3/15,2008032,10,21,47,22,8,30,28,兔龙虎兔蛇羊鸡
2008/3/18,2008033,37,44,13,23,28,30,49,鼠蛇鼠虎鸡羊鼠
2008/3/20,2008034,12,26,4,33,45,22,8,牛猪鸡龙龙兔蛇
2008/3/22,2008035,49,48,18,38,13,32,40,鼠牛羊猪鼠蛇鸡
2008/3/25,2008036,15,35,7,25,22,14,32,狗虎马鼠兔猪蛇
2008/3/27,2008037,16,32,3,45,4,48,23,鸡蛇狗龙鸡牛虎
2008/3/29,2008038,9,39,30,6,32,48,4,龙狗羊羊蛇牛鸡
2008/4/1,2008039,49,16,44,27,15,40,31,鼠鸡蛇狗狗鸡马
2008/4/3,2008040,17,28,41,36,6,1,31,猴鸡猴牛羊鼠马
2008/4/8,2008041,21,13,11,36,39,40,43,龙鼠虎牛狗鸡马
2008/4/13,2008042,38,34,23,9,22,1,24,猪兔虎龙兔鼠牛
2008/4/15,2008043,25,38,48,31,8,43,23,鼠猪牛马蛇马虎
2008/4/17,2008044,10,31,7,48,11,27,5,兔马马牛虎狗猴
2008/4/19,2008045,16,10,42,19,46,7,20,鸡兔羊马兔马蛇
2008/4/22,2008046,14,8,36,40,46,31,9,猪蛇牛鸡兔马龙
2008/4/24,2008047,35,12,31,25,8,13,21,虎牛马鼠蛇鼠龙
2008/4/26,2008048,19,17,13,32,15,24,9,马猴鼠蛇狗牛龙
2008/4/29,2008049,25,41,22,24,40,20,35,鼠猴兔牛鸡蛇虎
2008/5/3,2008050,39,37,3,5,1,4,8,狗鼠狗猴鼠鸡蛇
2008/5/6,2008051,26,28,13,8,49,7,17,猪鸡鼠蛇鼠马猴
2008/5/8,2008052,16,49,35,31,37,24,39,鸡鼠虎马鼠牛狗
2008/5/10,2008053,49,6,5,41,27,47,40,鼠羊猴猴狗虎鸡
2008/5/13,2008054,8,34,40,37,19,26,29,蛇兔鸡鼠马猪猴
2008/5/15,2008055,47,45,38,22,7,21,40,虎龙猪兔马龙鸡
2008/5/17,2008056,18,24,45,46,48,3,31,羊牛龙兔牛狗马
2008/5/20,2008057,6,25,1,4,47,23,49,羊鼠鼠鸡虎虎鼠
2008/5/22,2008058,29,23,34,19,41,1,15,猴虎兔马猴鼠狗
2008/5/24,2008059,12,5,31,1,19,14,45,牛猴马鼠马猪龙
2008/5/27,2008060,29,24,28,22,23,43,6,猴牛鸡兔虎马羊
2008/5/29,2008061,39,1,44,49,27,6,36,狗鼠蛇鼠狗羊牛
2008/5/31,2008062,42,36,26,11,31,34,13,羊牛猪虎马兔鼠
2008/6/3,2008063,41,40,33,5,32,49,30,猴鸡龙猴蛇鼠羊
2008/6/7,2008064,14,6,39,45,11,23,10,猪羊狗龙虎虎兔
2008/6/10,2008065,11,7,2,20,29,45,48,虎马猪蛇猴龙牛
2008/6/12,2008066,37,6,22,9,4,15,3,鼠羊兔龙鸡狗狗
2008/6/14,2008067,3,44,41,19,15,40,13,狗蛇猴马狗鸡鼠
2008/6/17,2008068,13,32,3,5,6,31,15,鼠蛇狗猴羊马狗
2008/6/19,2008069,2,18,11,45,39,26,24,猪羊虎龙狗猪牛
2008/6/21,2008070,34,29,13,5,44,1,25,兔猴鼠猴蛇鼠鼠
2008/6/24,2008071,9,29,22,27,42,8,38,龙猴兔狗羊蛇猪
2008/6/27,2008072,48,40,33,46,39,8,24,牛鸡龙兔狗蛇牛
2008/6/29,2008073,28,7,1,19,34,2,5,鸡马鼠马兔猪猴
2008/7/2,2008074,48,31,21,3,26,29,1,牛马龙狗猪猴鼠
2008/7/5,2008075,15,7,38,20,2,6,14,狗马猪蛇猪羊猪
2008/7/8,2008076,21,19,15,24,18,26,36,龙马狗牛羊猪牛
2008/7/10,2008077,17,41,44,18,5,12,32,猴猴蛇羊猴牛蛇
2008/7/12,2008078,38,27,21,5,25,40,11,猪狗龙猴鼠鸡虎
2008/7/15,2008079,17,47,24,38,9,19,3,猴虎牛猪龙马狗
2008/7/17,2008080,18,38,25,47,27,15,2,羊猪鼠虎狗狗猪
2008/7/19,2008081,46,18,35,1,24,29,2,兔羊虎鼠牛猴猪
2008/7/22,2008082,45,40,29,33,43,10,8,龙鸡猴龙马兔蛇
2008/7/24,2008083,38,29,45,31,15,5,48,猪猴龙马狗猴牛
2008/7/26,2008084,9,41,48,13,10,12,6,龙猴牛鼠兔牛羊
2008/7/29,2008085,7,34,35,15,25,38,6,马兔虎狗鼠猪羊
2008/7/31,2008086,25,33,1,34,41,8,28,鼠龙鼠兔猴蛇鸡
2008/8/2,2008087,8,33,11,6,35,4,25,蛇龙虎羊虎鸡鼠
2008/8/5,2008088,11,49,16,6,38,42,40,虎鼠鸡羊猪羊鸡
2008/8/7,2008089,30,47,23,3,24,17,26,羊虎虎狗牛猴猪
2008/8/9,2008090,21,19,15,8,42,32,10,龙马狗蛇羊蛇兔
2008/8/12,2008091,28,26,11,31,10,15,43,鸡猪虎马兔狗马
2008/8/14,2008092,46,27,23,41,16,20,6,兔狗虎猴鸡蛇羊
2008/8/16,2008093,38,25,14,43,46,32,35,猪鼠猪马兔蛇虎
2008/8/19,2008094,32,7,19,39,24,26,20,蛇马马狗牛猪蛇
2008/8/21,2008095,1,20,21,3,37,35,46,鼠蛇龙狗鼠虎兔
2008/8/23,2008096,20,9,10,3,34,25,41,蛇龙兔狗兔鼠猴
2008/8/26,2008097,25,2,43,13,19,30,44,鼠猪马鼠马羊蛇
2008/8/28,2008098,38,21,34,1,27,31,10,猪龙兔鼠狗马兔
2008/8/30,2008099,2,49,37,10,8,44,22,猪鼠鼠兔蛇蛇兔
2008/9/2,2008100,13,9,22,16,31,24,18,鼠龙兔鸡马牛羊
2008/9/4,2008101,22,7,17,42,26,31,12,兔马猴羊猪马牛
2008/9/6,2008102,38,23,18,22,10,4,35,猪虎羊兔兔鸡虎
2008/9/9,2008103,7,48,15,23,29,3,5,马牛狗虎猴狗猴
2008/9/11,2008104,12,8,25,20,49,2,34,牛蛇鼠蛇鼠猪兔
2008/9/13,2008105,46,34,16,8,9,3,42,兔兔鸡蛇龙狗羊
2008/9/16,2008106,40,4,14,9,36,25,45,鸡鸡猪龙牛鼠龙
2008/9/18,2008107,2,34,17,46,49,38,33,猪兔猴兔鼠猪龙
2008/9/20,2008108,5,49,28,4,27,10,46,猴鼠鸡鸡狗兔兔
2008/9/25,2008109,1,29,16,46,4,15,30,鼠猴鸡兔鸡狗羊
2008/9/27,2008110,39,33,36,17,7,44,31,狗龙牛猴马蛇马
2008/9/30,2008111,26,11,47,27,40,39,34,猪虎虎狗鸡狗兔
2008/10/2,2008112,42,32,17,29,20,13,15,羊蛇猴猴蛇鼠狗
2008/10/4,2008113,14,22,19,4,16,35,9,猪兔马鸡鸡虎龙
2008/10/7,2008114,34,46,4,49,26,10,5,兔兔鸡鼠猪兔猴
2008/10/9,2008115,1,27,38,19,2,12,41,鼠狗猪马猪牛猴
2008/10/11,2008116,46,37,35,11,38,8,27,兔鼠虎虎猪蛇狗
2008/10/14,2008117,11,19,14,44,21,41,31,虎马猪蛇龙猴马
2008/10/16,2008118,31,44,21,6,40,42,7,马蛇龙羊鸡羊马
2008/10/18,2008119,7,9,3,6,32,35,24,马龙狗羊蛇虎牛
2008/10/21,2008120,37,8,1,9,35,32,14,鼠蛇鼠龙虎蛇猪
2008/10/23,2008121,46,5,21,19,27,9,37,兔猴龙马狗龙鼠
2008/10/25,2008122,22,13,18,30,3,20,39,兔鼠羊羊狗蛇狗
2008/10/28,2008123,13,3,26,10,11,48,9,鼠狗猪兔虎牛龙
2008/10/30,2008124,13,33,40,5,23,37,39,鼠龙鸡猴虎鼠狗
2008/11/1,2008125,32,19,23,44,17,11,25,蛇马虎蛇猴虎鼠
2008/11/3,2008126,25,8,1,38,20,43,39,鼠蛇鼠猪蛇马狗
2008/11/6,2008127,43,35,5,42,6,28,4,马虎猴羊羊鸡鸡
2008/11/9,2008128,24,1,15,48,4,6,43,牛鼠狗牛鸡羊马
2008/11/11,2008129,19,32,27,17,20,35,11,马蛇狗猴蛇虎虎
2008/11/13,2008130,33,9,34,10,43,20,42,龙龙兔兔马蛇羊
2008/11/15,2008131,32,2,8,5,24,37,35,蛇猪蛇猴牛鼠虎
2008/11/18,2008132,28,18,32,29,5,11,10,鸡羊蛇猴猴虎兔
2008/11/20,2008133,41,13,40,31,4,36,49,猴鼠鸡马鸡牛鼠
2008/11/22,2008134,28,1,4,24,17,3,7,鸡鼠鸡牛猴狗马
2008/11/25,2008135,38,3,48,46,18,9,13,猪狗牛兔羊龙鼠
2008/11/27,2008136,6,36,46,14,21,4,41,羊牛兔猪龙鸡猴
2008/11/29,2008137,6,27,37,33,36,5,48,羊狗鼠龙牛猴牛
2008/12/2,2008138,43,30,31,29,3,13,8,马羊马猴狗鼠蛇
2008/12/4,2008139,35,47,10,8,37,28,12,虎虎兔蛇鼠鸡牛
2008/12/7,2008140,26,28,17,9,30,4,1,猪鸡猴龙羊鸡鼠
2008/12/9,2008141,21,44,14,47,7,43,35,龙蛇猪虎马马虎
2008/12/11,2008142,47,1,48,11,41,10,20,虎鼠牛虎猴兔蛇
2008/12/13,2008143,40,1,27,7,36,48,13,鸡鼠狗马牛牛鼠
2008/12/16,2008144,32,44,36,38,29,21,43,蛇蛇牛猪猴龙马
2008/12/18,2008145,40,22,31,27,46,2,13,鸡兔马狗兔猪鼠
2008/12/21,2008146,6,20,34,26,40,13,10,羊蛇兔猪鸡鼠兔
2008/12/23,2008147,29,33,48,24,26,22,46,猴龙牛牛猪兔兔
2008/12/27,2008148,2,21,24,34,17,19,18,猪龙牛兔猴马羊
2008/12/30,2008149,4,29,40,18,47,8,9,鸡猴鸡羊虎蛇龙
2009/1/3,2009001,16,30,21,2,10,22,26,鸡羊龙猪兔兔猪
2009/1/6,2009002,23,42,45,30,9,14,19,虎羊龙羊龙猪马
2009/1/8,2009003,22,46,19,33,18,42,7,兔兔马龙羊羊马
2009/1/11,2009004,7,16,3,47,19,44,31,马鸡狗虎马蛇马
2009/1/13,2009005,36,41,15,12,49,40,42,牛猴狗牛鼠鸡羊
2009/1/15,2009006,6,9,32,24,10,12,30,羊龙蛇牛兔牛羊
2009/1/17,2009007,1,47,28,29,16,15,37,鼠虎鸡猴鸡狗鼠
2009/1/20,2009008,34,42,22,13,5,29,37,兔羊兔鼠猴猴鼠
2009/1/23,2009009,37,44,47,5,17,38,12,鼠蛇虎猴猴猪牛
2009/1/25,2009010,44,40,47,4,12,19,49,蛇鸡虎鸡牛马鼠
2009/1/27,2009011,42,13,7,21,17,45,36,猴牛羊蛇鸡蛇虎
2009/1/29,2009012,36,9,25,8,17,6,4,虎蛇牛马鸡猴狗
2009/1/31,2009013,9,14,24,10,4,29,38,蛇鼠虎龙狗鸡鼠
2009/2/3,2009014,26,12,46,8,44,31,42,鼠虎龙马马羊猴
2009/2/5,2009015,3,47,36,46,25,23,20,猪兔虎龙牛兔马
2009/2/7,2009016,42,44,9,48,12,45,35,猴马蛇虎虎蛇兔
2009/2/10,2009017,4,14,24,21,48,6,8,狗鼠虎蛇虎猴马
2009/2/12,2009018,32,42,10,22,14,28,36,马猴龙龙鼠狗虎
2009/2/14,2009019,12,37,39,31,17,46,8,虎牛猪羊鸡龙马
2009/2/17,2009020,39,12,26,8,15,44,6,猪虎鼠马猪马猴
2009/2/19,2009021,36,26,9,16,6,29,8,虎鼠蛇狗猴鸡马
2009/2/21,2009022,15,21,14,8,20,7,44,猪蛇鼠马马羊马
2009/2/24,2009023,47,38,32,9,37,1,25,兔鼠马蛇牛牛牛
2009/2/26,2009024,15,24,14,23,19,25,2,猪虎鼠兔羊牛鼠
2009/2/28,2009025,24,22,34,15,5,46,26,虎龙龙猪鸡龙鼠
2009/3/3,2009026,22,37,25,49,30,38,15,龙牛牛牛猴鼠猪
2009/3/5,2009027,7,33,17,2,47,20,45,羊蛇鸡鼠兔马蛇
2009/3/8,2009028,11,40,4,3,28,37,36,兔狗狗猪狗牛虎
2009/3/10,2009029,48,21,39,27,33,32,9,虎蛇猪猪蛇马蛇
2009/3/12,2009030,32,16,30,15,2,12,5,马狗猴猪鼠虎鸡
2009/3/14,2009031,43,10,16,19,42,33,12,羊龙狗羊猴蛇虎
2009/3/17,2009032,37,14,11,21,17,12,10,牛鼠兔蛇鸡虎龙
2009/3/19,2009033,32,14,21,18,6,46,43,马鼠蛇猴猴龙羊
2009/3/21,2009034,27,32,23,13,43,34,22,猪马兔牛羊龙龙
2009/3/24,2009035,12,16,4,38,46,15,21,虎狗狗鼠龙猪蛇
2009/3/26,2009036,42,36,5,38,14,34,19,猴虎鸡鼠鼠龙羊
2009/3/29,2009037,42,24,40,32,43,36,47,猴虎狗马羊虎兔
2009/3/31,2009038,29,1,7,15,23,35,14,鸡牛羊猪兔兔鼠
2009/4/2,2009039,33,39,7,13,20,45,30,蛇猪羊牛马蛇猴
2009/4/4,2009040,2,18,46,17,10,6,34,鼠猴龙鸡龙猴龙
2009/4/7,2009041,45,4,21,29,41,22,14,蛇狗蛇鸡鸡龙鼠
2009/4/9,2009042,44,7,29,9,49,22,1,马羊鸡蛇牛龙牛
2009/4/11,2009043,38,47,16,45,3,25,35,鼠兔狗蛇猪牛兔
2009/4/14,2009044,27,2,42,22,41,7,5,猪鼠猴龙鸡羊鸡
2009/4/16,2009045,19,12,11,1,30,28,49,羊虎兔牛猴狗牛
2009/4/18,2009046,33,14,29,10,48,22,5,蛇鼠鸡龙虎龙鸡
2009/4/21,2009047,31,4,43,41,18,42,24,羊狗羊鸡猴猴虎
2009/4/23,2009048,45,34,46,20,42,15,23,蛇龙龙马猴猪兔
2009/4/25,2009049,34,17,46,38,4,49,7,龙鸡龙鼠狗牛羊
2009/4/28,2009050,41,7,20,36,3,34,39,鸡羊马虎猪龙猪
2009/4/30,2009051,8,21,30,49,38,11,35,马蛇猴牛鼠兔兔
2009/5/2,2009052,6,29,18,1,39,48,10,猴鸡猴牛猪虎龙
2009/5/5,2009053,31,30,45,41,5,29,47,羊猴蛇鸡鸡鸡兔
2009/5/7,2009054,7,3,9,16,34,2,14,羊猪蛇狗龙鼠鼠
2009/5/10,2009055,48,11,21,41,28,14,32,虎兔蛇鸡狗鼠马
2009/5/12,2009056,29,9,38,25,36,41,23,鸡蛇鼠牛虎鸡兔
2009/5/14,2009057,49,43,46,23,6,31,40,牛羊龙兔猴羊狗
2009/5/16,2009058,3,7,20,18,27,11,2,猪羊马猴猪兔鼠
2009/5/19,2009059,45,36,28,38,40,33,4,蛇虎狗鼠狗蛇狗
2009/5/23,2009060,21,32,46,8,1,37,22,蛇马龙马牛牛龙
2009/5/26,2009061,25,11,14,27,47,19,20,牛兔鼠猪兔羊马
2009/5/28,2009062,49,2,28,46,12,20,31,牛鼠狗龙虎马羊
2009/5/30,2009063,14,27,9,12,36,20,11,鼠猪蛇虎虎马兔
2009/6/2,2009064,47,29,26,5,7,18,2,兔鸡鼠鸡羊猴鼠
2009/6/4,2009065,4,43,9,24,22,19,1,狗羊蛇虎龙羊牛
2009/6/6,2009066,1,23,5,8,48,32,3,牛兔鸡马虎马猪
2009/6/9,2009067,46,13,16,7,35,42,25,龙牛狗羊兔猴牛
2009/6/11,2009068,8,11,33,43,20,15,34,马兔蛇羊马猪龙
2009/6/14,2009069,42,39,12,43,13,25,38,猴猪虎羊牛牛鼠
2009/6/16,2009070,37,41,16,30,27,25,36,牛鸡狗猴猪牛虎
2009/6/18,2009071,26,2,19,17,22,11,13,鼠鼠羊鸡龙兔牛
2009/6/20,2009072,7,11,24,32,49,35,46,羊兔虎马牛兔龙
2009/6/23,2009073,34,1,19,39,48,43,45,龙牛羊猪虎羊蛇
2009/6/25,2009074,36,45,30,26,19,12,20,虎蛇猴鼠羊虎马
2009/6/27,2009075,16,26,18,21,48,30,45,狗鼠猴蛇虎猴蛇
2009/6/30,2009076,17,5,11,15,46,25,24,鸡鸡兔猪龙牛虎
2009/7/2,2009077,22,24,40,19,6,29,4,龙虎狗羊猴鸡狗
2009/7/4,2009078,20,2,19,49,14,17,26,马鼠羊牛鼠鸡鼠
2009/7/7,2009079,47,38,41,6,30,27,20,兔鼠鸡猴猴猪马
2009/7/9,2009080,24,30,46,31,26,4,2,虎猴龙羊鼠狗鼠
2009/7/11,2009081,2,9,21,47,18,32,26,鼠蛇蛇兔猴马鼠
2009/7/14,2009082,2,39,10,46,47,19,41,鼠猪龙龙兔羊鸡
2009/7/16,2009083,14,45,3,17,29,5,31,鼠蛇猪鸡鸡鸡羊
2009/7/18,2009084,39,38,29,24,41,28,19,猪鼠鸡虎鸡狗羊
2009/7/21,2009085,13,15,4,6,1,48,39,牛猪狗猴牛虎猪
2009/7/23,2009086,11,3,1,47,15,39,44,兔猪牛兔猪猪马
2009/7/25,2009087,23,22,4,31,47,36,20,兔龙狗羊兔虎马
2009/7/28,2009088,49,4,28,46,11,20,31,牛狗狗龙兔马羊
2009/7/30,2009089,18,12,4,40,11,21,44,猴虎狗狗兔蛇马
2009/8/1,2009090,8,45,48,47,1,20,11,马蛇虎兔牛马兔
2009/8/4,2009091,32,9,36,34,37,27,20,马蛇虎龙牛猪马
2009/8/6,2009092,48,39,38,18,47,28,24,虎猪鼠猴兔狗虎
2009/8/8,2009093,8,5,30,10,11,23,42,马鸡猴龙兔兔猴
2009/8/11,2009094,24,15,31,39,23,1,33,虎猪羊猪兔牛蛇
2009/8/13,2009095,27,18,29,37,3,6,4,猪猴鸡牛猪猴狗
2009/8/15,2009096,24,34,6,23,16,20,42,虎龙猴兔狗马猴
2009/8/18,2009097,33,3,20,18,15,1,48,蛇猪马猴猪牛虎
2009/8/20,2009098,26,12,22,27,29,15,37,鼠虎龙猪鸡猪牛
2009/8/22,2009099,48,4,12,29,3,32,16,虎狗虎鸡猪马狗
2009/8/25,2009100,15,11,32,12,24,5,39,猪兔马虎虎鸡猪
2009/8/27,2009101,24,5,42,8,17,30,34,虎鸡猴马鸡猴龙
2009/8/29,2009102,35,33,4,18,26,17,40,兔蛇狗猴鼠鸡狗
2009/9/1,2009103,22,17,19,40,27,46,4,龙鸡羊狗猪龙狗
2009/9/4,2009104,14,9,49,6,47,17,38,鼠蛇牛猴兔鸡鼠
2009/9/6,2009105,9,24,41,48,35,40,31,蛇虎鸡虎兔狗羊
2009/9/8,2009106,21,13,11,20,28,16,15,蛇牛兔马狗狗猪
2009/9/10,2009107,29,31,35,33,7,32,48,鸡羊兔蛇羊马虎
2009/9/12,2009108,35,3,43,1,14,17,47,兔猪羊牛鼠鸡兔
2009/9/15,2009109,35,11,49,14,17,16,34,兔兔牛鼠鸡狗龙
2009/9/17,2009110,30,28,24,21,48,19,26,猴狗虎蛇虎羊鼠
2009/9/19,2009111,41,23,28,39,37,20,26,鸡兔狗猪牛马鼠
2009/9/22,2009112,9,5,18,1,24,32,38,蛇鸡猴牛虎马鼠
2009/9/24,2009113,34,9,36,19,22,26,24,龙蛇虎羊龙鼠虎
2009/9/27,2009114,3,1,41,30,47,9,19,猪牛鸡猴兔蛇羊
2009/9/29,2009115,33,15,48,1,40,5,21,蛇猪虎牛狗鸡蛇
2009/10/3,2009116,16,39,4,6,22,11,10,狗猪狗猴龙兔龙
2009/10/6,2009117,36,12,15,24,49,17,14,虎虎猪虎牛鸡鼠
2009/10/8,2009118,35,39,21,31,33,44,28,兔猪蛇羊蛇马狗
2009/10/10,2009119,19,16,12,49,2,20,4,羊狗虎牛鼠马狗
2009/10/13,2009120,36,18,43,15,13,45,7,虎猴羊猪牛蛇羊
2009/10/15,2009121,15,17,22,37,47,39,26,猪鸡龙牛兔猪鼠
2009/10/18,2009122,42,32,4,20,2,15,48,猴马狗马鼠猪虎
2009/10/20,2009123,34,8,46,39,26,36,35,龙马龙猪鼠虎兔
2009/10/22,2009124,40,1,47,2,29,24,7,狗牛兔鼠鸡虎羊
2009/10/24,2009125,25,34,26,41,45,22,15,牛龙鼠鸡蛇龙猪
2009/10/27,2009126,41,35,16,13,31,42,36,鸡兔狗牛羊猴虎
2009/10/29,2009127,44,15,14,16,18,13,48,马猪鼠狗猴牛虎
2009/10/31,2009128,30,27,29,25,11,44,23,猴猪鸡牛兔马兔
2009/11/3,2009129,33,19,43,42,45,3,44,蛇羊羊猴蛇猪马
2009/11/5,2009130,42,3,13,40,31,9,30,猴猪牛狗羊蛇猴
2009/11/8,2009131,38,17,35,27,32,2,41,鼠鸡兔猪马鼠鸡
2009/11/10,2009132,24,8,2,22,35,18,17,虎马鼠龙兔猴鸡
2009/11/12,2009133,10,9,6,20,1,46,14,龙蛇猴马牛龙鼠
2009/11/14,2009134,42,26,28,6,15,3,21,猴鼠狗猴猪猪蛇
2009/11/17,2009135,42,9,2,43,4,28,45,猴蛇鼠羊狗狗蛇
2009/11/19,2009136,11,19,41,35,45,13,24,兔羊鸡兔蛇牛虎
2009/11/21,2009137,2,38,23,28,45,8,21,鼠鼠兔狗蛇马蛇
2009/11/24,2009138,24,7,45,21,33,35,26,虎羊蛇蛇蛇兔鼠
2009/11/26,2009139,17,42,3,1,9,18,7,鸡猴猪牛蛇猴羊
2009/11/28,2009140,25,38,1,5,32,39,4,牛鼠牛鸡马猪狗
2009/12/1,2009141,5,44,10,4,17,39,24,鸡马龙狗鸡猪虎
2009/12/3,2009142,20,15,10,46,21,34,4,马猪龙龙蛇龙狗
2009/12/5,2009143,14,1,38,17,35,23,31,鼠牛鼠鸡兔兔羊
2009/12/8,2009144,35,31,12,29,6,23,21,兔羊虎鸡猴兔蛇
2009/12/10,2009145,4,15,16,49,34,8,45,狗猪狗牛龙马蛇
2009/12/12,2009146,40,46,37,8,9,49,41,狗龙牛马蛇牛鸡
2009/12/15,2009147,10,40,27,28,47,46,18,龙狗猪狗兔龙猴
2009/12/17,2009148,43,4,30,49,37,2,10,羊狗猴牛牛鼠龙
2009/12/20,2009149,4,45,24,32,2,28,38,狗蛇虎马鼠狗鼠
2009/12/22,2009150,33,6,44,23,30,43,10,蛇猴马兔猴羊龙
2009/12/24,2009151,20,22,27,26,44,31,49,马龙猪鼠马羊牛
2009/12/26,2009152,42,27,21,17,36,6,23,猴猪蛇鸡虎猴兔
2009/12/29,2009153,33,39,9,38,27,40,14,蛇猪蛇鼠猪狗鼠
2009/12/31,2009154,33,26,28,41,31,40,19,蛇鼠狗鸡羊狗羊
2010/1/2,2010001,11,13,22,16,21,18,6,兔牛龙狗蛇猴猴
2010/1/5,2010002,22,28,16,5,14,26,27,龙狗狗鸡鼠鼠猪
2010/1/7,2010003,5,14,45,48,16,25,42,鸡鼠蛇虎狗牛猴
2010/1/9,2010004,45,8,16,40,4,39,10,蛇马狗狗狗猪龙
2010/1/12,2010005,29,9,30,23,25,48,1,鸡蛇猴兔牛虎牛
2010/1/14,2010006,26,48,38,27,21,35,41,鼠虎鼠猪蛇兔鸡
2010/1/17,2010007,5,19,35,18,45,28,27,鸡羊兔猴蛇狗猪
2010/1/19,2010008,9,2,3,41,24,33,40,蛇鼠猪鸡虎蛇狗
2010/1/21,2010009,48,7,6,24,17,41,16,虎羊猴虎鸡鸡狗
2010/1/23,2010010,46,18,19,39,26,34,2,龙猴羊猪鼠龙鼠
2010/1/26,2010011,9,8,38,17,37,31,2,蛇马鼠鸡牛羊鼠
2010/1/28,2010012,3,43,46,15,32,9,28,猪羊龙猪马蛇狗
2010/1/30,2010013,6,32,30,34,2,4,40,猴马猴龙鼠狗狗
2010/2/2,2010014,10,38,1,13,14,39,41,龙鼠牛牛鼠猪鸡
2010/2/4,2010015,25,9,42,47,20,36,13,牛蛇猴兔马虎牛
2010/2/6,2010016,41,24,16,5,1,13,14,鸡虎狗鸡牛牛鼠
2010/2/9,2010017,10,14,13,49,4,8,7,龙鼠牛牛狗马羊
2010/2/11,2010018,36,35,24,27,21,32,16,虎兔虎猪蛇马狗
2010/2/13,2010019,29,27,5,26,21,28,44,鸡猪鸡鼠蛇狗马
2010/2/15,2010020,20,17,1,49,7,29,19,羊狗虎虎猴狗猴
2010/2/18,2010021,32,11,28,7,5,4,3,羊龙猪猴狗猪鼠
2010/2/20,2010022,4,32,3,45,11,15,1,猪羊鼠马龙鼠虎
2010/2/23,2010023,8,19,43,44,48,49,46,羊猴猴羊兔虎蛇
2010/2/25,2010024,47,37,11,44,20,31,46,龙虎龙羊羊猴蛇
2010/2/27,2010025,25,17,36,22,16,18,47,虎狗兔蛇猪鸡龙
2010/3/2,2010026,6,28,10,1,21,35,46,鸡猪蛇虎马龙蛇
2010/3/4,2010027,24,11,10,33,34,38,16,兔龙蛇马蛇牛猪
2010/3/7,2010028,28,12,46,31,3,26,16,猪兔蛇猴鼠牛猪
2010/3/9,2010029,17,28,9,45,13,14,20,狗猪马马虎牛羊
2010/3/11,2010030,14,40,10,35,48,43,21,牛猪蛇龙兔猴马
2010/3/13,2010031,39,22,4,1,14,18,48,鼠蛇猪虎牛鸡兔
2010/3/16,2010032,16,4,37,47,28,38,30,猪猪虎龙猪牛鸡
2010/3/18,2010033,39,19,37,4,41,30,31,鼠猴虎猪狗鸡猴
2010/3/20,2010034,45,12,39,8,29,33,36,马兔鼠羊狗马兔
2010/3/23,2010035,46,11,32,7,22,27,17,蛇龙羊猴蛇鼠狗
2010/3/25,2010036,16,47,29,44,14,45,42,猪龙狗羊牛马鸡
2010/3/27,2010037,1,44,22,36,3,8,29,虎羊蛇兔鼠羊狗
2010/3/30,2010038,29,31,40,2,48,22,20,狗猴猪牛兔蛇羊
2010/4/1,2010039,42,20,31,43,23,21,41,鸡羊猴猴龙马狗
2010/4/3,2010040,43,37,40,35,11,23,30,猴虎猪龙龙龙鸡
2010/4/6,2010041,42,35,20,25,45,11,8,鸡龙羊虎马龙羊
2010/4/8,2010042,3,30,33,37,25,5,35,鼠鸡马虎虎狗龙
2010/4/11,2010043,36,38,7,41,2,20,40,兔牛猴狗牛羊猪
2010/4/13,2010044,32,42,46,37,33,31,17,羊鸡蛇虎马猴狗
2010/4/15,2010045,36,21,37,35,19,30,33,兔马虎龙猴鸡马
2010/4/17,2010046,38,2,49,42,1,24,19,牛牛虎鸡虎兔猴
2010/4/20,2010047,27,6,35,17,25,40,32,鼠鸡龙狗虎猪羊
2010/4/22,2010048,29,1,39,16,23,46,17,狗虎鼠猪龙蛇狗
2010/4/24,2010049,23,12,5,39,29,16,11,龙兔狗鼠狗猪龙
2010/4/27,2010050,3,21,33,22,18,13,8,鼠马马蛇鸡虎羊
2010/4/29,2010051,5,24,41,7,26,49,3,狗兔狗猴牛虎鼠
2010/5/2,2010052,26,41,28,16,44,7,24,牛狗猪猪羊猴兔
2010/5/4,2010053,19,41,40,34,46,24,15,猴狗猪蛇蛇兔鼠
2010/5/6,2010054,37,40,31,2,39,38,44,虎猪猴牛鼠牛羊
2010/5/9,2010055,1,27,34,8,21,5,20,虎鼠蛇羊马狗羊
2010/5/11,2010056,40,35,34,15,29,26,9,猪龙蛇鼠狗牛马
2010/5/13,2010057,22,49,39,37,31,16,32,蛇虎鼠虎猴猪羊
2010/5/15,2010058,44,39,32,47,29,1,17,羊鼠羊龙狗虎狗
2010/5/18,2010059,7,48,12,20,4,39,14,猴兔兔羊猪鼠牛
2010/5/20,2010060,22,37,11,10,4,15,49,蛇虎龙蛇猪鼠虎
2010/5/22,2010061,12,26,29,18,33,17,41,兔牛狗鸡马狗狗
2010/5/25,2010062,14,40,43,30,18,46,27,牛猪猴鸡鸡蛇鼠
2010/5/27,2010063,28,49,9,22,32,33,18,猪虎马蛇羊马鸡
2010/5/29,2010064,16,26,4,25,33,42,30,猪牛猪虎马鸡鸡
2010/6/1,2010065,24,11,7,46,28,13,26,兔龙猴蛇猪虎牛
2010/6/3,2010066,42,19,44,16,26,5,6,鸡猴羊猪牛狗鸡
2010/6/5,2010067,15,37,38,40,30,9,1,鼠虎牛猪鸡马虎
2010/6/8,2010068,8,7,23,47,21,12,10,羊猴龙龙马兔蛇
2010/6/10,2010069,49,26,36,8,32,35,24,虎牛兔羊羊龙兔
2010/6/13,2010070,21,20,2,40,19,11,43,马羊牛猪猴龙猴
2010/6/15,2010071,5,21,18,49,35,10,11,狗马鸡虎龙蛇龙
2010/6/17,2010072,45,48,11,42,15,5,14,马兔龙鸡鼠狗牛
2010/6/19,2010073,12,8,27,13,35,2,37,兔羊鼠虎龙牛虎
2010/6/22,2010074,4,9,20,2,35,40,44,猪马羊牛龙猪羊
2010/6/24,2010075,23,34,5,26,49,31,24,龙蛇狗牛虎猴兔
2010/6/26,2010076,20,7,15,41,13,21,2,羊猴鼠狗虎马牛
2010/6/29,2010077,21,11,41,48,8,38,49,马龙狗兔羊牛虎
2010/7/3,2010078,2,49,14,13,45,21,19,牛虎牛虎马马猴
2010/7/6,2010079,42,21,14,17,46,29,49,鸡马牛狗蛇狗虎
2010/7/8,2010080,40,4,47,16,46,43,27,猪猪龙猪蛇猴鼠
2010/7/10,2010081,2,42,25,27,22,35,13,牛鸡虎鼠蛇龙虎
2010/7/13,2010082,5,25,48,43,2,3,24,狗虎兔猴牛鼠兔
2010/7/15,2010083,2,16,41,10,44,18,31,牛猪狗蛇羊鸡猴
2010/7/17,2010084,7,34,12,40,48,30,33,猴蛇兔猪兔鸡马
2010/7/20,2010085,26,47,13,29,5,40,42,牛龙虎狗狗猪鸡
2010/7/24,2010086,42,33,15,6,25,22,24,鸡马鼠鸡虎蛇兔
2010/7/27,2010087,4,17,43,28,23,46,22,猪狗猴猪龙蛇蛇
2010/7/29,2010088,12,38,41,49,13,44,22,兔牛狗虎虎羊蛇
2010/7/31,2010089,37,33,28,29,35,12,22,虎马猪狗龙兔蛇
2010/8/3,2010090,17,9,35,31,26,36,42,狗马龙猴牛兔鸡
2010/8/5,2010091,8,46,42,49,30,48,7,羊蛇鸡虎鸡兔猴
2010/8/7,2010092,46,45,34,18,41,3,37,蛇马蛇鸡狗鼠虎
2010/8/10,2010093,39,20,12,30,5,8,23,鼠羊兔鸡狗羊龙
2010/8/12,2010094,29,17,42,6,48,33,34,狗狗鸡鸡兔马蛇
2010/8/14,2010095,38,17,34,46,6,12,43,牛狗蛇蛇鸡兔猴
2010/8/17,2010096,25,2,35,8,5,22,16,虎牛龙羊狗蛇猪
2010/8/19,2010097,8,43,48,12,30,46,35,羊猴兔兔鸡蛇龙
2010/8/21,2010098,49,34,40,21,37,18,28,虎蛇猪马虎鸡猪
2010/8/24,2010099,11,9,37,6,25,16,45,龙马虎鸡虎猪马
2010/8/26,2010100,10,9,1,36,7,44,37,蛇马虎兔猴羊虎
2010/8/28,2010101,3,1,6,7,49,36,42,鼠虎鸡猴虎兔鸡
2010/8/30,2010102,46,6,39,49,40,16,41,蛇鸡鼠虎猪猪狗
2010/9/2,2010103,11,48,7,23,3,20,38,龙兔猴龙鼠羊牛
2010/9/4,2010104,17,25,34,43,19,45,47,狗虎蛇猴猴马龙
2010/9/7,2010105,2,3,16,42,43,45,27,牛鼠猪鸡猴马鼠
2010/9/9,2010106,19,34,37,4,2,41,5,猴蛇虎猪牛狗狗
2010/9/11,2010107,35,36,24,39,10,20,12,龙兔兔鼠蛇羊兔
2010/9/14,2010108,3,22,39,4,7,30,6,鼠蛇鼠猪猴鸡鸡
2010/9/16,2010109,8,47,49,5,46,31,34,羊龙虎狗蛇猴蛇
2010/9/19,2010110,40,26,33,19,12,17,25,猪牛马猴兔狗虎
2010/9/21,2010111,35,23,48,36,13,10,47,龙龙兔兔虎蛇龙
2010/9/25,2010112,39,23,30,37,16,43,5,鼠龙鸡虎猪猴狗
2010/9/28,2010113,49,42,31,30,45,7,46,虎鸡猴鸡马猴蛇
2010/9/30,2010114,26,18,22,21,29,9,27,牛鸡蛇马狗马鼠
2010/10/2,2010115,16,36,27,21,7,17,6,猪兔鼠马猴狗鸡
2010/10/5,2010116,29,16,8,31,5,6,12,狗猪羊猴狗鸡兔
2010/10/7,2010117,21,15,14,22,40,32,2,马鼠牛蛇猪羊牛
2010/10/9,2010118,22,37,45,44,41,42,27,蛇虎马羊狗鸡鼠
2010/10/12,2010119,24,13,38,46,21,9,27,兔虎牛蛇马马鼠
2010/10/14,2010120,47,10,26,42,7,4,13,龙蛇牛鸡猴猪虎
2010/10/16,2010121,30,45,1,44,49,29,41,鸡马虎羊虎狗狗
2010/10/19,2010122,38,29,43,20,2,39,37,牛狗猴羊牛鼠虎
2010/10/21,2010123,9,35,46,4,23,49,18,马龙蛇猪龙虎鸡
2010/10/23,2010124,28,33,42,1,41,45,8,猪马鸡虎狗马羊
2010/10/26,2010125,14,33,41,20,3,8,32,牛马狗羊鼠羊羊
2010/10/28,2010126,8,47,31,36,17,9,46,羊龙猴兔狗马蛇
2010/10/30,2010127,24,12,7,49,8,30,27,兔兔猴虎羊鸡鼠
2010/11/2,2010128,36,17,24,5,45,25,15,兔狗兔狗马虎鼠
2010/11/4,2010129,27,25,9,5,44,33,17,鼠虎马狗羊马狗
2010/11/9,2010130,41,45,43,49,15,4,18,狗马猴虎鼠猪鸡
2010/11/11,2010131,15,43,5,29,6,28,48,鼠猴狗狗鸡猪兔
2010/11/13,2010132,21,28,48,47,7,18,35,马猪兔龙猴鸡龙
2010/11/16,2010133,46,3,39,49,12,20,19,蛇鼠鼠虎兔羊猴
2010/11/18,2010134,30,6,47,20,33,39,23,鸡鸡龙羊马鼠龙
2010/11/20,2010135,6,30,9,33,3,29,14,鸡鸡马马鼠狗牛
2010/11/23,2010136,30,10,24,11,1,49,35,鸡蛇兔龙虎虎龙
2010/11/25,2010137,28,39,22,45,17,31,8,猪鼠蛇马狗猴羊
2010/11/27,2010138,26,44,13,43,17,25,42,牛羊虎猴狗虎鸡
2010/11/30,2010139,16,19,45,3,48,14,9,猪猴马鼠兔牛马
2010/12/2,2010140,11,6,17,40,41,31,34,龙鸡狗猪狗猴蛇
2010/12/5,2010141,10,20,46,47,9,42,27,蛇羊蛇龙马鸡鼠
2010/12/7,2010142,28,12,13,20,18,48,14,猪兔虎羊鸡兔牛
2010/12/9,2010143,4,20,10,33,36,25,37,猪羊蛇马兔虎虎
2010/12/11,2010144,27,15,24,30,18,22,10,鼠鼠兔鸡鸡蛇蛇
2010/12/14,2010145,29,28,7,48,3,38,40,狗猪猴兔鼠牛猪
2010/12/16,2010146,18,13,29,19,12,27,10,鸡虎狗猴兔鼠蛇
2010/12/18,2010147,45,15,39,19,34,44,23,马鼠鼠猴蛇羊龙
2010/12/20,2010148,4,41,12,18,16,5,7,猪狗兔鸡猪狗猴
2010/12/22,2010149,4,3,35,41,24,15,36,猪鼠龙狗兔鼠兔
2010/12/25,2010150,4,43,1,13,2,48,11,猪猴虎虎牛兔龙
2010/12/28,2010151,8,36,28,37,23,31,12,羊兔猪虎龙猴兔
2010/12/30,2010152,13,4,18,39,36,20,12,虎猪鸡鼠兔羊兔
2011/1/2,2011001,1,13,20,24,37,39,3,虎虎羊兔虎鼠鼠
2011/1/4,2011002,20,39,16,9,38,4,40,羊鼠猪马牛猪猪
2011/1/6,2011003,7,26,4,15,14,19,43,猴牛猪鼠牛猴猴
2011/1/8,2011004,12,27,21,33,10,18,4,兔鼠马马蛇鸡猪
2011/1/11,2011005,29,42,48,1,2,37,38,狗鸡兔虎牛虎牛
2011/1/13,2011006,17,25,19,36,44,40,10,狗虎猴兔羊猪蛇
2011/1/15,2011007,31,18,32,46,13,29,2,猴鸡羊蛇虎狗牛
2011/1/18,2011008,41,15,9,21,33,31,37,狗鼠马马马猴虎
2011/1/20,2011009,28,42,37,21,30,5,48,猪鸡虎马鸡狗兔
2011/1/22,2011010,15,49,45,39,1,30,37,鼠虎马鼠虎鸡虎
2011/1/25,2011011,16,17,26,9,21,14,20,猪狗牛马马牛羊
2011/1/27,2011012,6,25,35,14,29,1,48,鸡虎龙牛狗虎兔
2011/1/29,2011013,9,10,8,29,49,5,46,马蛇羊狗虎狗蛇
2011/2/1,2011014,46,32,8,22,48,1,9,蛇羊羊蛇兔虎马
2011/2/3,2011015,28,36,37,8,10,6,21,鼠龙兔猴马狗羊
2011/2/6,2011016,31,1,16,27,47,2,19,鸡兔鼠牛蛇虎鸡
2011/2/8,2011017,28,21,32,34,11,27,17,鼠羊猴马蛇牛猪
2011/2/10,2011018,36,9,20,18,3,2,12,龙羊猴狗牛虎龙
2011/2/13,2011019,10,37,20,47,24,13,16,马兔猴蛇龙兔鼠
2011/2/15,2011020,38,16,41,17,27,18,30,虎鼠猪猪牛狗狗
2011/2/17,2011021,30,24,25,35,9,37,45,狗龙兔蛇羊兔羊
2011/2/19,2011022,16,13,42,18,23,34,40,鼠兔狗狗蛇马鼠
2011/2/22,2011023,3,21,28,22,8,48,5,牛羊鼠马猴龙猪
2011/2/24,2011024,30,26,7,29,41,27,44,狗虎鸡猪猪牛猴
2011/2/26,2011025,47,24,1,37,33,28,49,蛇龙兔兔羊鼠兔
2011/3/1,2011026,45,4,30,43,41,25,29,羊鼠狗鸡猪兔猪
2011/3/3,2011027,33,9,8,49,13,17,30,羊羊猴兔兔猪狗
2011/3/5,2011028,34,29,2,25,16,7,10,马猪虎兔鼠鸡马
2011/3/8,2011029,37,33,23,4,47,15,22,兔羊蛇鼠蛇牛马
2011/3/10,2011030,6,21,49,2,45,46,28,狗羊兔虎羊马鼠
2011/3/13,2011031,14,6,43,27,26,30,21,虎狗鸡牛虎狗羊
2011/3/15,2011032,15,16,11,4,35,42,9,牛鼠蛇鼠蛇狗羊
2011/3/17,2011033,5,31,4,23,48,39,20,猪鸡鼠蛇龙牛猴
2011/3/19,2011034,41,33,31,24,8,12,20,猪羊鸡龙猴龙猴
2011/3/22,2011035,24,45,18,34,38,26,15,龙羊狗马虎虎牛
2011/3/24,2011036,17,16,10,42,43,38,13,猪鼠马狗鸡虎兔
2011/3/26,2011037,2,20,47,31,12,25,29,虎猴蛇鸡龙兔猪
2011/3/29,2011038,20,49,9,2,24,1,43,猴兔羊虎龙兔鸡
2011/3/31,2011039,38,24,39,23,6,40,32,虎龙牛蛇狗鼠猴
2011/4/2,2011040,3,31,15,36,12,49,11,牛鸡牛龙龙兔蛇
2011/4/5,2011041,26,8,10,29,41,44,9,虎猴马猪猪猴羊
2011/4/7,2011042,26,21,31,43,5,1,22,虎羊鸡鸡猪兔马
2011/4/10,2011043,10,34,24,6,47,37,12,马马龙狗蛇兔龙
2011/4/12,2011044,9,2,4,31,12,21,10,羊虎鼠鸡龙羊马
2011/4/14,2011045,12,14,37,23,39,32,28,龙虎兔蛇牛猴鼠
2011/4/16,2011046,17,16,1,36,26,31,45,猪鼠兔龙虎鸡羊
2011/4/19,2011047,22,20,18,1,46,8,28,马猴狗兔马猴鼠
2011/4/21,2011048,26,22,9,1,6,10,35,虎马羊兔狗马蛇
2011/4/23,2011049,43,26,30,31,2,4,38,鸡虎狗鸡虎鼠虎
2011/4/26,2011050,30,25,29,15,11,49,47,狗兔猪牛蛇兔蛇
2011/4/28,2011051,30,6,49,1,15,33,3,狗狗兔兔牛羊牛
2011/4/30,2011052,30,34,23,10,29,9,36,狗马蛇马猪羊龙
2011/5/3,2011053,34,2,23,38,13,3,5,马虎蛇虎兔牛猪
2011/5/5,2011054,5,32,48,20,15,6,22,猪猴龙猴牛狗马
2011/5/8,2011055,29,14,26,10,39,41,6,猪虎虎马牛猪狗
2011/5/12,2011056,4,45,9,39,25,28,30,鼠羊羊牛兔鼠狗
2011/5/14,2011057,4,22,15,33,10,35,48,鼠马牛羊马蛇龙
2011/5/17,2011058,35,49,12,27,46,14,31,蛇兔龙牛马虎鸡
2011/5/20,2011059,48,32,15,18,30,13,8,龙猴牛狗狗兔猴
2011/5/22,2011060,45,36,47,17,22,15,35,羊龙蛇猪马牛蛇
2011/5/24,2011061,48,39,33,20,11,31,4,龙牛羊猴蛇鸡鼠
2011/5/26,2011062,48,5,6,37,44,22,23,龙猪狗兔猴马蛇
2011/5/28,2011063,38,7,43,44,13,34,10,虎鸡鸡猴兔马马
2011/5/31,2011064,4,24,10,1,30,39,8,鼠龙马兔狗牛猴
2011/6/2,2011065,47,23,39,7,2,18,17,蛇蛇牛鸡虎狗猪
2011/6/4,2011066,46,33,36,49,7,8,18,马羊龙兔鸡猴狗
2011/6/7,2011067,49,24,42,22,33,36,38,兔龙狗马羊龙虎
2011/6/9,2011068,5,42,6,3,39,15,35,猪狗狗牛牛牛蛇
2011/6/12,2011069,44,13,4,35,17,1,22,猴兔鼠蛇猪兔马
2011/6/14,2011070,48,39,19,13,22,12,46,龙牛鸡兔马龙马
2011/6/16,2011071,4,44,12,47,48,26,2,鼠猴龙蛇龙虎虎
2011/6/18,2011072,38,44,14,49,48,16,39,虎猴虎兔龙鼠牛
2011/6/21,2011073,47,10,32,21,16,9,38,蛇马猴羊鼠羊虎
2011/6/23,2011074,2,32,15,27,49,43,42,虎猴牛牛兔鸡狗
2011/6/25,2011075,23,30,24,4,34,45,19,蛇狗龙鼠马羊鸡
2011/6/28,2011076,15,17,4,45,43,47,38,牛猪鼠羊鸡蛇虎
2011/6/30,2011077,48,40,49,20,10,46,13,龙鼠兔猴马马兔
2011/7/2,2011078,35,31,34,5,13,33,27,蛇鸡马猪兔羊牛
2011/7/5,2011079,9,32,16,28,30,22,37,羊猴鼠鼠狗马兔
2011/7/7,2011080,35,10,29,40,14,46,30,蛇马猪鼠虎马狗
2011/7/9,2011081,10,48,1,13,42,11,15,马龙兔兔狗蛇牛
2011/7/12,2011082,41,16,28,33,18,45,29,猪鼠鼠羊狗羊猪
2011/7/14,2011083,48,11,33,37,45,13,36,龙蛇羊兔羊兔龙
2011/7/16,2011084,11,20,31,48,49,17,35,蛇猴鸡龙兔猪蛇
2011/7/19,2011085,3,31,10,40,43,41,20,牛鸡马鼠鸡猪猴
2011/7/21,2011086,30,28,26,49,6,18,22,狗鼠虎兔狗狗马
2011/7/24,2011087,37,29,8,48,27,7,21,兔猪猴龙牛鸡羊
2011/7/26,2011088,35,26,15,34,41,25,10,蛇虎牛马猪兔马
2011/7/28,2011089,47,30,42,11,36,21,34,蛇狗狗蛇龙羊马
2011/7/30,2011090,46,47,6,45,44,29,30,马蛇狗羊猴猪狗
2011/8/2,2011091,24,21,11,47,25,14,36,龙羊蛇蛇兔虎龙
2011/8/4,2011092,25,32,34,2,11,39,31,兔猴马虎蛇牛鸡
2011/8/6,2011093,42,30,45,9,34,31,24,狗狗羊羊马鸡龙
2011/8/9,2011094,48,5,25,45,11,6,34,龙猪兔羊蛇狗马
2011/8/11,2011095,37,35,6,25,7,4,48,兔蛇狗兔鸡鼠龙
2011/8/13,2011096,31,23,11,49,37,18,10,鸡蛇蛇兔兔狗马
2011/8/16,2011097,22,38,9,10,8,5,7,马虎羊马猴猪鸡
2011/8/18,2011098,45,17,43,14,5,49,12,羊猪鸡虎猪兔龙
2011/8/20,2011099,15,47,17,13,26,23,1,牛蛇猪兔虎蛇兔
2011/8/23,2011100,41,24,25,36,11,45,40,猪龙兔龙蛇羊鼠
2011/8/25,2011101,25,28,10,20,6,17,2,兔鼠马猴狗猪虎
2011/8/27,2011102,10,9,27,29,19,45,30,马羊牛猪鸡羊狗
2011/8/30,2011103,48,46,49,9,15,24,6,龙马兔羊牛龙狗
2011/9/2,2011104,44,49,33,34,2,29,42,猴兔羊马虎猪狗
2011/9/4,2011105,22,21,4,46,18,39,29,马羊鼠马狗牛猪
2011/9/6,2011106,21,44,7,4,23,1,17,羊猴鸡鼠蛇兔猪
2011/9/8,2011107,44,30,39,18,14,22,32,猴狗牛狗虎马猴
2011/9/10,2011108,49,19,15,36,44,45,16,兔鸡牛龙猴羊鼠
2011/9/13,2011109,46,16,28,13,19,11,22,马鼠鼠兔鸡蛇马
2011/9/15,2011110,49,29,13,41,5,7,25,兔猪兔猪猪鸡兔
2011/9/17,2011111,14,6,43,25,35,12,42,虎狗鸡兔蛇龙狗
2011/9/20,2011112,40,10,47,48,27,33,13,鼠马蛇龙牛羊兔
2011/9/22,2011113,39,44,10,8,27,19,6,牛猴马猴牛鸡狗
2011/9/24,2011114,34,40,16,18,28,6,38,马鼠鼠狗鼠狗虎
2011/9/27,2011115,37,4,23,22,49,40,13,兔鼠蛇马兔鼠兔
2011/10/2,2011116,37,22,41,9,14,45,5,兔马猪羊虎羊猪
2011/10/4,2011117,39,1,37,9,4,15,47,牛兔兔羊鼠牛蛇
2011/10/8,2011118,24,37,41,4,8,26,33,龙兔猪鼠猴虎羊
2011/10/11,2011119,33,25,6,22,2,39,46,羊兔狗马虎牛马
2011/10/13,2011120,33,30,40,28,2,8,23,羊狗鼠鼠虎猴蛇
2011/10/15,2011121,37,41,11,24,43,28,13,兔猪蛇龙鸡鼠兔
2011/10/18,2011122,23,37,48,9,4,47,14,蛇兔龙羊鼠蛇虎
2011/10/20,2011123,32,16,34,23,35,2,40,猴鼠马蛇蛇虎鼠
2011/10/22,2011124,1,11,20,18,26,30,47,兔蛇猴狗虎狗蛇
2011/10/25,2011125,26,35,22,29,27,17,44,虎蛇马猪牛猪猴
2011/10/27,2011126,46,48,22,1,43,9,49,马龙马兔鸡羊兔
2011/10/29,2011127,12,15,17,39,5,18,47,龙牛猪牛猪狗蛇
2011/11/1,2011128,19,8,21,15,24,44,10,鸡猴羊牛龙猴马
2011/11/3,2011129,3,1,34,44,41,21,43,牛兔马猴猪羊鸡
2011/11/6,2011130,3,16,11,1,7,34,49,牛鼠蛇兔鸡马兔
2011/11/8,2011131,30,23,34,2,40,42,48,狗蛇马虎鼠狗龙
2011/11/10,2011132,4,37,49,20,7,9,33,鼠兔兔猴鸡羊羊
2011/11/12,2011133,17,33,42,10,29,48,35,猪羊狗马猪龙蛇
2011/11/15,2011134,14,30,26,25,11,7,29,虎狗虎兔蛇鸡猪
2011/11/17,2011135,3,44,42,23,6,24,35,牛猴狗蛇狗龙蛇
2011/11/19,2011136,14,22,13,10,47,12,21,虎马兔马蛇龙羊
2011/11/22,2011137,24,43,21,47,31,7,5,龙鸡羊蛇鸡鸡猪
2011/11/24,2011138,35,3,41,38,5,19,32,蛇牛猪虎猪鸡猴
2011/11/26,2011139,39,33,47,42,22,4,14,牛羊蛇狗马鼠虎
2011/11/29,2011140,13,6,42,40,37,3,29,兔狗狗鼠兔牛猪
2011/12/1,2011141,22,33,1,8,28,3,5,马羊兔猴鼠牛猪
2011/12/3,2011142,18,37,3,2,9,23,31,狗兔牛虎羊蛇鸡
2011/12/6,2011143,5,1,11,2,43,6,25,猪兔蛇虎鸡狗兔
2011/12/8,2011144,20,28,22,36,48,5,1,猴鼠马龙龙猪兔
2011/12/10,2011145,3,42,21,25,14,27,34,牛狗羊兔虎牛马
2011/12/13,2011146,40,36,38,3,25,32,31,鼠龙虎牛兔猴鸡
2011/12/15,2011147,21,29,43,47,9,34,32,羊猪鸡蛇羊马猴
2011/12/18,2011148,1,38,35,23,2,46,5,兔虎蛇蛇虎马猪
2011/12/20,2011149,43,31,26,29,49,37,2,鸡鸡虎猪兔兔虎
2011/12/22,2011150,49,37,5,18,16,28,24,兔兔猪狗鼠鼠龙
2011/12/24,2011151,27,17,24,4,1,43,41,牛猪龙鼠兔鸡猪
2011/12/26,2011152,30,8,37,48,38,31,5,狗猴兔龙虎鸡猪
2011/12/29,2011153,39,23,7,21,10,29,1,牛蛇鸡羊马猪兔
2011/12/31,2011154,27,3,44,40,2,49,38,牛牛猴鼠虎兔虎
2012/1/3,2012001,31,5,12,37,45,34,10,鸡猪龙兔羊马马
2012/1/5,2012002,33,48,11,46,9,43,2,羊龙蛇马羊鸡虎
2012/1/7,2012003,31,3,7,32,10,35,30,鸡牛鸡猴马蛇狗
2012/1/10,2012004,26,31,35,20,3,32,12,虎鸡蛇猴牛猴龙
2012/1/12,2012005,44,36,27,48,15,32,47,猴龙牛龙牛猴蛇
2012/1/14,2012006,36,10,24,13,20,29,14,龙马龙兔猴猪虎
2012/1/17,2012007,36,24,44,16,35,23,1,龙龙猴鼠蛇蛇兔
2012/1/19,2012008,18,14,2,39,25,1,31,狗虎虎牛兔兔鸡
2012/1/22,2012009,20,47,10,18,14,34,41,猴蛇马狗虎马猪
2012/1/26,2012010,10,34,3,11,29,17,15,羊羊虎马鼠鼠虎
2012/1/31,2012011,29,42,46,28,27,22,49,鼠猪羊牛虎羊龙
2012/2/2,2012012,45,14,20,38,46,21,47,猴兔鸡兔羊猴马
2012/2/4,2012013,6,20,27,12,16,38,7,猪鸡虎蛇牛兔狗
2012/2/7,2012014,11,30,41,45,16,34,47,马猪鼠猴牛羊马
2012/2/9,2012015,12,33,34,20,3,41,43,蛇猴羊鸡虎鼠狗
2012/2/12,2012016,39,34,9,41,33,7,48,虎羊猴鼠猴狗蛇
2012/2/14,2012017,37,10,14,49,39,21,25,龙羊兔龙虎猴龙
2012/2/16,2012018,25,44,4,12,42,18,8,龙鸡牛蛇猪猪鸡
2012/2/18,2012019,5,16,41,46,12,17,15,鼠牛鼠羊蛇鼠虎
2012/2/21,2012020,49,1,15,35,11,12,17,龙龙虎马马蛇鼠
2012/2/23,2012021,47,22,15,5,1,43,37,马羊虎鼠龙狗龙
2012/2/25,2012022,49,26,27,14,24,12,22,龙兔虎兔蛇蛇羊
2012/2/28,2012023,24,8,37,49,28,9,47,蛇鸡龙龙牛猴马
2012/3/1,2012024,31,40,34,30,47,25,13,狗牛羊猪马龙龙
2012/3/3,2012025,1,4,8,28,21,3,5,龙牛鸡牛猴虎鼠
2012/3/6,2012026,7,36,33,28,3,31,32,狗蛇猴牛虎狗鸡
2012/3/8,2012027,3,36,35,5,17,9,43,虎蛇马鼠鼠猴狗
2012/3/11,2012028,42,23,48,33,39,10,34,猪马蛇猴虎羊羊
2012/3/13,2012029,7,26,43,47,8,48,12,狗兔狗马鸡蛇蛇
2012/3/15,2012030,34,28,49,4,31,48,6,羊牛龙牛狗蛇猪
2012/3/17,2012031,18,13,23,4,45,6,15,猪龙马牛猴猪虎
2012/3/20,2012032,46,13,44,29,11,18,37,羊龙鸡鼠马猪龙
2012/3/22,2012033,2,47,38,48,49,35,41,兔马兔蛇龙马鼠
2012/3/24,2012034,49,23,35,32,3,43,34,龙马马鸡虎狗羊
2012/3/27,2012035,25,17,43,2,7,30,38,龙鼠狗兔狗猪兔
2012/3/29,2012036,21,28,16,10,31,29,8,猴牛牛羊狗鼠鸡
2012/3/31,2012037,33,44,30,11,19,37,18,猴鸡猪马狗龙猪
2012/4/3,2012038,46,21,47,28,20,44,42,羊猴马牛鸡鸡猪
2012/4/5,2012039,17,45,13,15,18,41,14,鼠猴龙虎猪鼠兔
2012/4/7,2012040,24,49,3,14,22,34,44,蛇龙虎兔羊羊鸡
2012/4/10,2012041,4,47,11,16,42,26,6,牛马马牛猪兔猪
2012/4/12,2012042,16,2,25,28,17,11,41,牛兔龙牛鼠马鼠
2012/4/14,2012043,3,40,15,20,32,19,25,虎牛虎鸡鸡狗龙
2012/4/17,2012044,7,6,17,46,35,19,4,狗猪鼠羊马狗牛
2012/4/19,2012045,41,5,12,13,37,20,23,鼠鼠蛇龙龙鸡马
2012/4/22,2012046,3,41,21,11,42,1,2,虎鼠猴马猪龙兔
2012/4/24,2012047,28,17,29,34,31,1,45,牛鼠鼠羊狗龙猴
2012/4/26,2012048,17,30,11,7,22,10,14,鼠猪马狗羊羊兔
2012/4/28,2012049,20,19,17,11,29,32,38,鸡狗鼠马鼠鸡兔
2012/5/1,2012050,32,33,19,26,5,17,22,鸡猴狗兔鼠鼠羊
2012/5/3,2012051,46,2,47,49,28,20,3,羊兔马龙牛鸡虎
2012/5/5,2012052,4,17,11,49,29,39,8,牛鼠马龙鼠虎鸡
2012/5/8,2012053,33,9,4,17,34,10,35,猴猴牛鼠羊羊马
2012/5/10,2012054,17,23,46,32,34,13,41,鼠马羊鸡羊龙鼠
2012/5/13,2012055,21,30,34,45,39,16,4,猴猪羊猴虎牛牛
2012/5/15,2012056,23,14,33,5,22,16,32,马兔猴鼠羊牛鸡
2012/5/17,2012057,27,1,10,15,37,21,40,虎龙羊虎龙猴牛
2012/5/20,2012058,41,23,47,26,17,3,33,鼠马马兔鼠虎猴
2012/5/22,2012059,8,1,26,32,22,37,41,鸡龙兔鸡羊龙鼠
2012/5/24,2012060,2,5,8,40,29,47,34,兔鼠鸡牛鼠马羊
2012/5/26,2012061,9,20,10,38,49,22,7,猴鸡羊兔龙羊狗
2012/5/29,2012062,18,8,31,37,22,20,46,猪鸡狗龙羊鸡羊
2012/5/31,2012063,9,4,39,47,24,31,38,猴牛虎马蛇狗兔
2012/6/2,2012064,43,19,47,20,9,14,37,狗狗马鸡猴兔龙
2012/6/5,2012065,43,21,34,10,26,35,37,狗猴羊羊兔马龙
2012/6/7,2012066,39,17,4,48,20,29,9,虎鼠牛蛇鸡鼠猴
2012/6/10,2012067,8,44,37,15,18,39,6,鸡鸡龙虎猪虎猪
2012/6/12,2012068,30,16,36,14,7,25,32,猪牛蛇兔狗龙鸡
2012/6/16,2012069,7,29,4,6,13,2,9,狗鼠牛猪龙兔猴
2012/6/19,2012070,42,48,26,10,13,40,24,猪蛇兔羊龙牛蛇
2012/6/21,2012071,35,2,8,5,13,17,28,马兔鸡鼠龙鼠牛
2012/6/23,2012072,34,9,40,14,17,48,39,羊猴牛兔鼠蛇虎
2012/6/26,2012073,6,19,26,37,28,49,47,猪狗兔龙牛龙马
2012/6/28,2012074,3,36,19,27,6,14,24,虎蛇狗虎猪兔蛇
2012/6/30,2012075,10,37,32,28,13,41,1,羊龙鸡牛龙鼠龙
2012/7/3,2012076,6,12,14,31,10,38,20,猪蛇兔狗羊兔鸡
2012/7/5,2012077,2,24,3,26,11,27,44,兔蛇虎兔马虎鸡
2012/7/7,2012078,22,46,4,1,5,44,37,羊羊牛龙鼠鸡龙
2012/7/10,2012079,7,4,13,28,49,36,3,狗牛龙牛龙蛇虎
2012/7/12,2012080,40,33,44,2,39,13,43,牛猴鸡兔虎龙狗
2012/7/14,2012081,24,2,6,41,46,16,27,蛇兔猪鼠羊牛虎
2012/7/17,2012082,24,30,11,8,49,17,3,蛇猪马鸡龙鼠虎
2012/7/19,2012083,30,46,34,20,9,35,29,猪羊羊鸡猴马鼠
2012/7/21,2012084,19,23,7,45,34,30,13,狗马狗猴羊猪龙
2012/7/24,2012085,22,23,15,45,11,10,31,羊马虎猴马羊狗
2012/7/26,2012086,22,11,44,24,9,13,32,羊马鸡蛇猴龙鸡
2012/7/28,2012087,18,44,45,25,38,40,5,猪鸡猴龙兔牛鼠
2012/7/31,2012088,2,35,23,16,47,10,1,兔马马牛马羊龙
2012/8/2,2012089,49,9,11,12,22,28,7,龙猴马蛇羊牛狗
2012/8/4,2012090,42,20,49,15,8,41,12,猪鸡龙虎鸡鼠蛇
2012/8/7,2012091,2,40,9,13,46,44,10,兔牛猴龙羊鸡羊
2012/8/9,2012092,22,13,20,46,10,42,48,羊龙鸡羊羊猪蛇
2012/8/11,2012093,5,42,41,31,11,12,16,鼠猪鼠狗马蛇牛
2012/8/14,2012094,47,34,16,37,13,2,28,马羊牛龙龙兔牛
2012/8/16,2012095,19,5,23,6,13,34,8,狗鼠马猪龙羊鸡
2012/8/18,2012096,7,10,32,34,22,48,45,狗羊鸡羊羊蛇猴
2012/8/21,2012097,36,1,12,38,7,17,48,蛇龙蛇兔狗鼠蛇
2012/8/23,2012098,15,13,25,45,28,47,5,虎龙龙猴牛马鼠
2012/8/25,2012099,21,47,38,7,22,3,27,猴马兔狗羊虎虎
2012/8/28,2012100,17,7,49,29,24,47,45,鼠狗龙鼠蛇马猴
2012/8/30,2012101,21,11,26,34,7,15,38,猴马兔羊狗虎兔
2012/9/1,2012102,21,19,12,15,9,47,38,猴狗蛇虎猴马兔
2012/9/4,2012103,45,43,24,20,36,34,3,猴狗蛇鸡蛇羊虎
2012/9/6,2012104,6,38,43,13,41,33,29,猪兔狗龙鼠猴鼠
2012/9/9,2012105,4,15,27,34,7,12,37,牛虎虎羊狗蛇龙
2012/9/11,2012106,11,41,25,27,4,39,43,马鼠龙虎牛虎狗
2012/9/13,2012107,16,22,42,31,20,48,43,牛羊猪狗鸡蛇狗
2012/9/15,2012108,27,18,7,21,48,6,42,虎猪狗猴蛇猪猪
2012/9/18,2012109,27,15,43,38,42,26,39,虎虎狗兔猪兔虎
2012/9/22,2012110,2,49,38,35,33,13,40,兔龙兔马猴龙牛
2012/9/25,2012111,1,28,17,4,32,20,47,龙牛鼠牛鸡鸡马
2012/9/27,2012112,17,3,40,15,10,1,28,鼠虎牛虎羊龙牛
2012/9/29,2012113,2,17,26,16,8,20,32,兔鼠兔牛鸡鸡鸡
2012/10/2,2012114,33,12,37,24,44,25,13,猴蛇龙蛇鸡龙龙
2012/10/7,2012115,1,10,47,29,12,13,9,龙羊马鼠蛇龙猴
2012/10/9,2012116,21,22,36,15,27,17,16,猴羊蛇虎虎鼠牛
2012/10/11,2012117,46,18,40,11,1,3,35,羊猪牛马龙虎马
2012/10/13,2012118,26,5,11,33,41,6,4,兔鼠马猴鼠猪牛
2012/10/16,2012119,35,27,9,44,39,17,40,马虎猴鸡虎鼠牛
2012/10/18,2012120,10,6,4,16,29,14,26,羊猪牛牛鼠兔兔
2012/10/20,2012121,31,4,19,44,34,37,6,狗牛狗鸡羊龙猪
2012/10/23,2012122,11,29,45,47,28,41,21,马鼠猴马牛鼠猴
2012/10/25,2012123,40,17,43,23,41,8,28,牛鼠狗马鼠鸡牛
2012/10/27,2012124,34,36,26,28,30,39,1,羊蛇兔牛猪虎龙
2012/10/30,2012125,40,1,28,34,20,30,19,牛龙牛羊鸡猪狗
2012/11/1,2012126,18,34,28,24,42,15,2,猪羊牛蛇猪虎兔
2012/11/3,2012127,36,33,46,12,1,48,41,蛇猴羊蛇龙蛇鼠
2012/11/6,2012128,37,39,6,28,8,1,42,龙虎猪牛鸡龙猪
2012/11/8,2012129,47,26,37,44,31,15,43,马兔龙鸡狗虎狗
2012/11/11,2012130,26,45,47,35,28,9,25,兔猴马马牛猴龙
2012/11/13,2012131,29,5,30,26,25,3,31,鼠鼠猪兔龙虎狗
2012/11/15,2012132,46,20,36,41,18,48,21,羊鸡蛇鼠猪蛇猴
2012/11/17,2012133,12,7,24,39,43,48,30,蛇狗蛇虎狗蛇猪
2012/11/20,2012134,45,2,11,20,37,47,13,猴兔马鸡龙马龙
2012/11/22,2012135,49,9,22,26,30,44,31,龙猴羊兔猪鸡狗
2012/11/24,2012136,4,15,2,3,40,23,13,牛虎兔虎牛马龙
2012/11/27,2012137,47,8,21,20,34,24,10,马鸡猴鸡羊蛇羊
2012/11/29,2012138,13,32,28,17,26,34,6,龙鸡牛鼠兔羊猪
2012/12/1,2012139,36,10,17,38,27,16,47,蛇羊鼠兔虎牛马
2012/12/4,2012140,10,18,11,37,47,7,4,羊猪马龙马狗牛
2012/12/6,2012141,1,41,43,6,38,45,48,龙鼠狗猪兔猴蛇
2012/12/8,2012142,47,22,34,15,30,33,38,马羊羊虎猪猴兔
2012/12/11,2012143,42,49,15,2,28,41,24,猪龙虎兔牛鼠蛇
2012/12/13,2012144,42,47,9,6,29,31,14,猪马猴猪鼠狗兔
2012/12/15,2012145,18,28,41,33,21,47,48,猪牛鼠猴猴马蛇
2012/12/18,2012146,21,8,14,41,48,45,34,猴鸡兔鼠蛇猴羊
2012/12/20,2012147,36,40,4,34,25,12,49,蛇牛牛羊龙蛇龙
2012/12/23,2012148,9,27,34,28,32,43,2,猴虎羊牛鸡狗兔
2012/12/25,2012149,24,46,18,49,23,12,14,蛇羊猪龙马蛇兔
2012/12/27,2012150,47,29,7,44,4,39,23,马鼠狗鸡牛虎马
2012/12/29,2012151,1,11,33,6,39,9,40,龙马猴猪虎猴牛
2012/12/31,2012152,6,48,30,5,25,32,45,猪蛇猪鼠龙鸡猴
2013/1/3,2013001,48,46,33,32,25,17,39,蛇羊猴鸡龙鼠虎
2013/1/8,2013002,14,19,29,49,21,20,7,兔狗鼠龙猴鸡狗
2013/1/10,2013003,2,45,41,9,24,34,48,兔猴鼠猴蛇羊蛇
2013/1/13,2013004,6,3,31,49,19,21,7,猪虎狗龙狗猴狗
2013/1/15,2013005,24,31,27,3,4,7,13,蛇狗虎虎牛狗龙
2013/1/17,2013006,43,44,2,25,8,14,11,狗鸡兔龙鸡兔马
2013/1/19,2013007,31,3,19,21,12,48,26,狗虎狗猴蛇蛇兔
2013/1/22,2013008,22,20,4,37,2,30,1,羊鸡牛龙兔猪龙
2013/1/24,2013009,1,49,9,3,2,20,24,龙龙猴虎兔鸡蛇
2013/1/26,2013010,29,48,45,42,2,41,5,鼠蛇猴猪兔鼠鼠
2013/1/29,2013011,8,36,44,26,47,20,28,鸡蛇鸡兔马鸡牛
2013/1/31,2013012,22,16,46,35,38,27,32,羊牛羊马兔虎鸡
2013/2/3,2013013,2,47,48,23,39,17,22,兔马蛇马虎鼠羊
2013/2/5,2013014,31,45,19,5,32,34,13,狗猴狗鼠鸡羊龙
2013/2/7,2013015,33,12,18,3,22,8,37,猴蛇猪虎羊鸡龙
2013/2/9,2013016,47,46,4,35,10,8,32,马羊牛马羊鸡鸡
2013/2/14,2013017,27,16,24,48,11,36,47,兔虎马马羊马羊
2013/2/16,2013018,30,3,12,35,37,38,18,鼠兔马羊蛇龙鼠
2013/2/19,2013019,19,18,32,44,40,5,34,猪鼠狗狗虎牛猴
2013/2/21,2013020,32,14,22,21,11,49,7,狗龙猴鸡羊蛇猪
2013/2/23,2013021,36,19,35,30,12,23,15,马猪羊鼠马羊兔
2013/2/26,2013022,36,16,4,15,1,18,21,马虎虎兔蛇鼠鸡
2013/2/28,2013023,26,10,28,30,11,23,17,龙猴虎鼠羊羊牛
2013/3/3,2013024,8,31,39,7,35,26,37,狗猪兔猪羊龙蛇
2013/3/5,2013025,36,6,4,43,8,35,5,马鼠虎猪狗羊牛
2013/3/7,2013026,8,24,35,41,9,39,2,狗马羊牛鸡兔龙
2013/3/9,2013027,43,9,40,18,24,34,28,猪鸡虎鼠马猴虎
2013/3/12,2013028,17,30,38,15,45,13,4,牛鼠龙兔鸡蛇虎
2013/3/14,2013029,46,4,16,17,3,15,12,猴虎虎牛兔兔马
2013/3/16,2013030,31,9,41,47,45,6,18,猪鸡牛羊鸡鼠鼠
2013/3/19,2013031,15,34,29,12,28,3,8,兔猴牛马虎兔狗
2013/3/21,2013032,13,4,42,39,1,22,34,蛇虎鼠兔蛇猴猴
2013/3/23,2013033,17,6,9,33,42,25,27,牛鼠鸡鸡鼠蛇兔
2013/3/26,2013034,40,26,35,15,44,10,11,虎龙羊兔狗猴羊
2013/3/28,2013035,38,17,44,31,12,45,43,龙牛狗猪马鸡猪
2013/3/30,2013036,25,6,34,43,19,4,17,蛇鼠猴猪猪虎牛
2013/4/2,2013037,46,33,2,31,4,9,5,猴鸡龙猪虎鸡牛
2013/4/4,2013038,27,2,7,11,17,15,4,兔龙猪羊牛兔虎
2013/4/6,2013039,16,41,10,12,48,29,25,虎牛猴马马牛蛇
2013/4/9,2013040,28,35,43,2,3,25,39,虎羊猪龙兔蛇兔
2013/4/11,2013041,11,20,24,18,49,29,2,羊狗马鼠蛇牛龙
2013/4/13,2013042,47,8,46,40,16,29,18,羊狗猴虎虎牛鼠
2013/4/16,2013043,21,27,15,43,38,11,48,鸡兔兔猪龙羊马
2013/4/18,2013044,39,4,22,5,14,17,9,兔虎猴牛龙牛鸡
2013/4/21,2013045,9,15,10,40,33,49,48,鸡兔猴虎鸡蛇马
2013/4/23,2013046,7,41,35,29,23,20,6,猪牛羊牛羊狗鼠
2013/4/25,2013047,22,17,14,38,15,48,19,猴牛龙龙兔马猪
2013/4/27,2013048,26,7,23,16,4,28,9,龙猪羊虎虎虎鸡
2013/4/30,2013049,18,4,49,30,31,24,36,鼠虎蛇鼠猪马马
2013/5/2,2013050,31,28,5,1,44,46,14,猪虎牛蛇狗猴龙
2013/5/4,2013051,29,40,44,10,1,49,33,牛虎狗猴蛇蛇鸡
2013/5/7,2013052,29,14,37,9,5,24,36,牛龙蛇鸡牛马马
2013/5/9,2013053,14,34,16,12,15,22,13,龙猴虎马兔猴蛇
2013/5/12,2013054,16,20,1,11,6,25,22,虎狗蛇羊鼠蛇猴
2013/5/14,2013055,44,2,16,19,47,11,27,狗龙虎猪羊羊兔
2013/5/16,2013056,48,7,42,32,27,18,17,马猪鼠狗兔鼠牛
2013/5/19,2013057,43,48,4,24,30,14,34,猪马虎马鼠龙猴
2013/5/21,2013058,11,16,31,18,23,12,36,羊虎猪鼠羊马马
2013/5/23,2013059,47,12,24,49,45,27,6,羊马马蛇鸡兔鼠
2013/5/25,2013060,25,10,40,3,8,26,38,蛇猴虎兔狗龙龙
2013/5/28,2013061,1,6,5,25,4,9,27,蛇鼠牛蛇虎鸡兔
2013/5/30,2013062,22,17,27,36,46,15,23,猴牛兔马猴兔羊
2013/6/1,2013063,27,1,23,36,49,45,7,兔蛇羊马蛇鸡猪
2013/6/4,2013064,40,9,48,26,17,36,2,虎鸡马龙牛马龙
2013/6/6,2013065,48,10,16,32,28,20,30,马猴虎狗虎狗鼠
2013/6/9,2013066,44,42,15,22,24,18,28,狗鼠兔猴马鼠虎
2013/6/11,2013067,1,35,40,39,21,14,5,蛇羊虎兔鸡龙牛
2013/6/13,2013068,43,11,3,32,26,35,1,猪羊兔狗龙羊蛇
2013/6/15,2013069,42,27,29,14,45,9,44,鼠兔牛龙鸡鸡狗
2013/6/18,2013070,9,47,22,31,45,23,39,鸡羊猴猪鸡羊兔
2013/6/20,2013071,29,46,11,31,14,16,30,牛猴羊猪龙虎鼠
2013/6/22,2013072,23,40,42,25,46,34,39,羊虎鼠蛇猴猴兔
2013/6/25,2013073,35,40,20,38,17,29,22,羊虎狗龙牛牛猴
2013/6/27,2013074,47,48,16,37,34,42,17,羊马虎蛇猴鼠牛
2013/6/29,2013075,34,1,26,4,37,3,14,猴蛇龙虎蛇兔龙
2013/7/2,2013076,45,28,19,43,33,7,13,鸡虎猪猪鸡猪蛇
2013/7/6,2013077,43,29,6,9,47,27,17,猪牛鼠鸡羊兔牛
2013/7/9,2013078,1,15,46,38,4,40,49,蛇兔猴龙虎虎蛇
2013/7/11,2013079,38,45,39,14,28,26,8,龙鸡兔龙虎龙狗
2013/7/13,2013080,7,32,18,14,23,46,42,猪狗鼠龙羊猴鼠
2013/7/16,2013081,3,18,19,37,47,20,25,兔鼠猪蛇羊狗蛇
2013/7/18,2013082,14,46,36,18,28,32,44,龙猴马鼠虎狗狗
2013/7/21,2013083,26,33,17,3,20,47,34,龙鸡牛兔狗羊猴
2013/7/23,2013084,32,28,17,8,6,22,20,狗虎牛狗鼠猴狗
2013/7/25,2013085,49,34,23,27,20,32,30,蛇猴羊兔狗狗鼠
2013/7/27,2013086,7,28,1,3,36,22,21,猪虎蛇兔马猴鸡
2013/7/30,2013087,33,44,42,31,12,8,49,鸡狗鼠猪马狗蛇
2013/8/1,2013088,8,22,6,20,10,19,42,狗猴鼠狗猴猪鼠
2013/8/3,2013089,23,12,6,5,39,38,48,羊马鼠牛兔龙马
2013/8/6,2013090,44,11,32,4,15,19,42,狗羊狗虎兔猪鼠
2013/8/8,2013091,13,26,25,23,15,29,9,蛇龙蛇羊兔牛鸡
2013/8/10,2013092,3,30,41,20,44,10,31,兔鼠牛狗狗猴猪
2013/8/13,2013093,41,6,42,49,31,1,44,牛鼠鼠蛇猪蛇狗
2013/8/15,2013094,42,31,22,10,26,16,23,鼠猪猴猴龙虎羊
2013/8/17,2013095,30,14,9,32,31,49,1,鼠龙鸡狗猪蛇蛇
2013/8/20,2013096,15,31,14,13,46,48,36,兔猪龙蛇猴马马
2013/8/22,2013097,1,41,16,49,25,33,46,蛇牛虎蛇蛇鸡猴
2013/8/24,2013098,20,10,6,15,14,3,33,狗猴鼠兔龙兔鸡
2013/8/27,2013099,14,9,29,36,30,32,20,龙鸡牛马鼠狗狗
2013/8/29,2013100,38,28,35,25,47,24,16,龙虎羊蛇羊马虎
2013/8/31,2013101,42,3,6,17,18,43,36,鼠兔鼠牛鼠猪马
2013/9/3,2013102,21,39,35,26,25,33,17,鸡兔羊龙蛇鸡牛
2013/9/5,2013103,49,7,29,22,1,28,37,蛇猪牛猴蛇虎蛇
2013/9/7,2013104,28,30,18,7,17,10,6,虎鼠鼠猪牛猴鼠
2013/9/10,2013105,49,39,12,19,8,48,17,蛇兔马猪狗马牛
2013/9/12,2013106,14,48,31,26,1,28,36,龙马猪龙蛇虎马
2013/9/14,2013107,39,29,47,40,21,6,33,兔牛羊虎鸡鼠鸡
2013/9/16,2013108,39,22,47,31,45,17,49,兔猴羊猪鸡牛蛇
2013/9/19,2013109,45,18,3,49,15,26,41,鸡鼠兔蛇兔龙牛
2013/9/21,2013110,47,39,22,35,25,36,31,羊兔猴羊蛇马猪
2013/9/24,2013111,26,13,25,30,29,39,19,龙蛇蛇鼠牛兔猪
2013/9/26,2013112,11,6,9,3,28,7,34,羊鼠鸡兔虎猪猴
2013/9/28,2013113,33,39,49,43,48,40,34,鸡兔蛇猪马虎猴
2013/9/30,2013114,43,44,40,1,11,29,4,猪狗虎蛇羊牛虎
2013/10/3,2013115,26,32,14,41,35,17,15,龙狗龙牛羊牛兔
2013/10/5,2013116,9,31,29,4,6,36,20,鸡猪牛虎鼠马狗
2013/10/8,2013117,7,3,27,1,6,15,30,猪兔兔蛇鼠兔鼠
2013/10/10,2013118,16,9,8,38,17,11,20,虎鸡狗龙牛羊狗
2013/10/13,2013119,42,48,24,28,37,35,38,鼠马马虎蛇羊龙
2013/10/15,2013120,20,41,33,4,46,27,12,狗牛鸡虎猴兔马
2013/10/17,2013121,1,45,35,24,44,11,49,蛇鸡羊马狗羊蛇
2013/10/19,2013122,31,1,44,47,41,10,18,猪蛇狗羊牛猴鼠
2013/10/22,2013123,34,49,36,9,5,41,26,猴蛇马鸡牛牛龙
2013/10/24,2013124,10,24,44,43,9,22,30,猴马狗猪鸡猴鼠
2013/10/26,2013125,38,48,47,6,30,15,40,龙马羊鼠鼠兔虎
2013/10/29,2013126,25,34,47,22,1,20,17,蛇猴羊猴蛇狗牛
2013/10/31,2013127,43,47,2,29,9,46,21,猪羊龙牛鸡猴鸡
2013/11/2,2013128,18,8,29,34,19,31,36,鼠狗牛猴猪猪马
2013/11/5,2013129,38,4,42,22,25,37,20,龙虎鼠猴蛇蛇狗
2013/11/7,2013130,9,4,14,26,30,42,21,鸡虎龙龙鼠鼠鸡
2013/11/10,2013131,32,13,35,39,42,31,16,狗蛇羊兔鼠猪虎
2013/11/12,2013132,28,49,19,21,47,18,46,虎蛇猪鸡羊鼠猴
2013/11/14,2013133,8,25,3,34,10,29,32,狗蛇兔猴猴牛狗
2013/11/16,2013134,1,43,8,17,39,32,48,蛇猪狗牛兔狗马
2013/11/19,2013135,27,49,35,12,47,44,36,兔蛇羊马羊狗马
2013/11/21,2013136,6,25,23,8,49,3,4,鼠蛇羊狗蛇兔虎
2013/11/23,2013137,21,41,30,3,20,18,13,鸡牛鼠兔狗鼠蛇
2013/11/26,2013138,9,31,44,10,34,12,18,鸡猪狗猴猴马鼠
2013/11/28,2013139,3,6,33,34,21,43,9,兔鼠鸡猴鸡猪鸡
2013/11/30,2013140,34,2,45,15,42,19,14,猴龙鸡兔鼠猪龙
2013/12/3,2013141,40,39,17,1,29,24,21,虎兔牛蛇牛马鸡
2013/12/5,2013142,26,19,46,16,17,1,29,龙猪猴虎牛蛇牛
2013/12/7,2013143,41,24,26,18,44,5,20,牛马龙鼠狗牛狗
2013/12/10,2013144,46,17,30,36,1,8,16,猴牛鼠马蛇狗虎
2013/12/12,2013145,34,24,10,19,31,28,27,猴马猴猪猪虎兔
2013/12/14,2013146,49,38,15,6,46,14,29,蛇龙兔鼠猴龙牛
2013/12/17,2013147,19,33,1,20,8,15,47,猪鸡蛇狗狗兔羊
2013/12/19,2013148,4,47,39,31,14,43,27,虎羊兔猪龙猪兔
2013/12/22,2013149,49,18,43,13,41,12,39,蛇鼠猪蛇牛马兔
2013/12/25,2013150,4,47,45,21,49,25,6,虎羊鸡鸡蛇蛇鼠
2013/12/28,2013151,32,43,9,42,20,4,5,狗猪鸡鼠狗虎牛
2013/12/31,2013152,42,40,44,7,12,9,14,鼠虎狗猪马鸡龙
2014/1/2,2014001,43,38,1,46,36,49,21,猪龙蛇猴马蛇鸡
2014/1/4,2014002,31,49,16,32,6,44,43,猪蛇虎狗鼠狗猪
2014/1/7,2014003,31,9,38,41,16,30,46,猪鸡龙牛虎鼠猴
2014/1/9,2014004,15,28,4,39,45,16,25,兔虎虎兔鸡虎蛇
2014/1/12,2014005,36,39,44,16,42,3,17,马兔狗虎鼠兔牛
2014/1/14,2014006,9,11,33,31,34,27,21,鸡羊鸡猪猴兔鸡
2014/1/16,2014007,9,37,18,17,16,15,33,鸡蛇鼠牛虎兔鸡
2014/1/18,2014008,28,44,18,17,3,26,38,虎狗鼠牛兔龙龙
2014/1/21,2014009,23,20,34,37,49,8,44,羊狗猴蛇蛇狗狗
2014/1/23,2014010,4,18,21,31,27,5,7,虎鼠鸡猪兔牛猪
2014/1/25,2014011,38,37,43,5,20,48,6,龙蛇猪牛狗马鼠
2014/1/28,2014012,30,20,37,4,27,31,18,鼠狗蛇虎兔猪鼠
2014/1/30,2014013,26,36,16,3,2,4,45,龙马虎兔龙虎鸡
2014/2/4,2014014,49,15,48,11,13,39,37,马龙羊猴马龙马
2014/2/6,2014015,37,26,27,32,33,45,39,马蛇龙猪狗狗龙
2014/2/9,2014016,47,20,35,21,37,48,14,猴猪猴狗马羊蛇
2014/2/11,2014017,29,24,7,27,25,10,19,虎羊鼠龙马鸡鼠
2014/2/13,2014018,40,19,46,25,49,23,30,兔鼠鸡马马猴牛
2014/2/15,2014019,2,32,30,36,14,45,11,蛇猪牛羊蛇狗猴
2014/2/18,2014020,21,23,15,34,25,45,35,狗猴龙鸡马狗猴
2014/2/20,2014021,26,31,5,24,3,40,45,蛇鼠虎羊龙兔狗
2014/2/22,2014022,24,35,33,23,29,2,14,羊猴狗猴虎蛇蛇
2014/2/25,2014023,8,43,40,39,41,26,5,猪鼠兔龙虎蛇虎
2014/2/27,2014024,35,28,9,15,24,5,44,猴兔狗龙羊虎猪
2014/3/2,2014025,21,46,16,19,11,38,34,狗鸡兔鼠猴蛇鸡
2014/3/4,2014026,27,19,33,3,13,16,22,龙鼠狗龙马兔鸡
2014/3/6,2014027,46,39,27,6,10,20,38,鸡龙龙牛鸡猪蛇
2014/3/8,2014028,2,16,17,32,24,3,40,蛇兔虎猪羊龙兔
2014/3/11,2014029,33,30,28,6,15,4,27,狗牛兔牛龙兔龙
2014/3/13,2014030,7,20,19,22,10,17,30,鼠猪鼠鸡鸡虎牛
2014/3/15,2014031,29,46,2,24,21,15,27,虎鸡蛇羊狗龙龙
2014/3/18,2014032,42,17,2,48,23,35,27,牛虎蛇羊猴猴龙
2014/3/20,2014033,1,37,9,48,18,25,14,马马狗羊牛马蛇
2014/3/22,2014034,20,34,26,21,11,49,4,猪鸡蛇狗猴马兔
2014/3/25,2014035,36,22,35,44,28,45,6,羊鸡猴猪兔狗牛
2014/3/27,2014036,35,45,49,7,42,23,36,猴狗马鼠牛猴羊
2014/3/29,2014037,18,24,10,33,12,2,11,牛羊鸡狗羊蛇猴
2014/4/1,2014038,36,48,43,49,33,22,25,羊羊鼠马狗鸡马
2014/4/3,2014039,25,26,4,28,27,9,3,马蛇兔兔龙狗龙
2014/4/5,2014040,44,39,45,10,19,38,31,猪龙狗鸡鼠蛇鼠
2014/4/8,2014041,24,47,45,11,31,46,6,羊猴狗猴鼠鸡牛
2014/4/10,2014042,31,49,18,21,42,4,25,鼠马牛狗牛兔马
2014/4/12,2014043,43,45,18,20,28,6,13,鼠狗牛猪兔牛马
2014/4/15,2014044,41,6,45,14,28,16,27,虎牛狗蛇兔兔龙
2014/4/17,2014045,24,14,12,45,17,23,42,羊蛇羊狗虎猴牛
2014/4/19,2014046,46,47,21,32,20,35,3,鸡猴狗猪猪猴龙
2014/4/22,2014047,29,1,41,12,3,36,14,虎马虎羊龙羊蛇
2014/4/24,2014048,39,28,40,17,1,32,16,龙兔兔虎马猪兔
2014/4/26,2014049,47,9,12,36,27,22,46,猴狗羊羊龙鸡鸡
2014/4/29,2014050,26,15,2,8,45,37,14,蛇龙蛇猪狗马蛇
2014/5/1,2014051,28,37,1,14,29,43,30,兔马马蛇虎鼠牛
2014/5/3,2014052,13,30,2,16,6,36,25,马牛蛇兔牛羊马
2014/5/6,2014053,10,33,23,39,36,44,30,鸡狗猴龙羊猪牛
2014/5/8,2014054,37,12,39,2,30,10,48,马羊龙蛇牛鸡羊
2014/5/11,2014055,26,38,45,49,16,11,5,蛇蛇狗马兔猴虎
2014/5/13,2014056,35,9,32,20,22,41,8,猴狗猪猪鸡虎猪
2014/5/15,2014057,16,12,24,9,35,34,7,兔羊羊狗猴鸡鼠
2014/5/18,2014058,21,37,45,27,9,12,7,狗马狗龙狗羊鼠
2014/5/20,2014059,10,33,16,44,34,47,6,鸡狗兔猪鸡猴牛
2014/5/22,2014060,17,37,31,9,28,35,19,虎马鼠狗兔猴鼠
2014/5/24,2014061,41,2,14,4,39,30,49,虎蛇蛇兔龙牛马
2014/5/27,2014062,30,16,10,34,44,3,1,牛兔鸡鸡猪龙马
2014/5/29,2014063,48,4,26,24,14,19,35,羊兔蛇羊蛇鼠猴
2014/5/31,2014064,47,28,32,37,2,10,31,猴兔猪马蛇鸡鼠
2014/6/2,2014065,39,3,19,13,36,20,15,龙龙鼠马羊猪龙
2014/6/4,2014066,40,25,33,46,10,11,6,兔马狗鸡鸡猴牛
2014/6/7,2014067,4,8,44,13,19,48,27,兔猪猪马鼠羊龙
2014/6/10,2014068,30,32,1,35,44,37,40,牛猪马猴猪马兔
2014/6/12,2014069,3,44,21,18,41,45,15,龙猪狗牛虎狗龙
2014/6/17,2014070,16,23,45,15,4,3,21,兔猴狗龙兔龙狗
2014/6/19,2014071,30,31,24,44,3,17,7,牛鼠羊猪龙虎鼠
2014/6/21,2014072,49,45,17,37,2,40,48,马狗虎马蛇兔羊
2014/6/24,2014073,30,31,25,35,18,24,36,牛鼠马猴牛羊羊
2014/6/26,2014074,42,48,47,20,2,40,28,牛羊猴猪蛇兔兔
2014/6/29,2014075,15,23,46,38,47,26,21,龙猴鸡蛇猴蛇狗
2014/7/3,2014076,48,17,37,14,43,34,20,羊虎马蛇鼠鸡猪
2014/7/5,2014077,36,32,10,38,14,37,47,羊猪鸡蛇蛇马猴
2014/7/8,2014078,16,38,4,22,39,27,36,兔蛇兔鸡龙龙羊
2014/7/10,2014079,17,25,1,9,22,2,8,虎马马狗鸡蛇猪
2014/7/12,2014080,11,40,3,49,13,23,43,猴兔龙马马猴鼠
2014/7/15,2014081,41,32,9,42,2,5,44,虎猪狗牛蛇虎猪
2014/7/17,2014082,20,28,42,43,1,30,10,猪兔牛鼠马牛鸡
2014/7/19,2014083,48,41,30,9,40,1,49,羊虎牛狗兔马马
2014/7/22,2014084,14,1,16,3,41,24,13,蛇马兔龙虎羊马
2014/7/24,2014085,38,4,31,36,5,21,14,蛇兔鼠羊虎狗蛇
2014/7/26,2014086,17,36,4,1,15,42,40,虎羊兔马龙牛兔
2014/7/29,2014087,11,13,31,37,15,47,19,猴马鼠马龙猴鼠
2014/7/31,2014088,12,35,44,22,48,27,38,羊猴猪鸡羊龙蛇
2014/8/2,2014089,42,23,48,26,22,3,28,牛猴羊蛇鸡龙兔
2014/8/5,2014090,7,24,29,8,18,5,14,鼠羊虎猪牛虎蛇
2014/8/7,2014091,46,32,14,31,36,5,11,鸡猪蛇鼠羊虎猴
2014/8/9,2014092,15,41,31,1,33,9,37,龙虎鼠马狗狗马
2014/8/12,2014093,27,39,31,9,7,36,32,龙龙鼠狗鼠羊猪
2014/8/14,2014094,14,49,4,48,8,23,11,蛇马兔羊猪猴猴
2014/8/16,2014095,42,27,37,23,26,46,15,牛龙马猴蛇鸡龙
2014/8/19,2014096,42,27,2,46,32,5,16,牛龙蛇鸡猪虎兔
2014/8/21,2014097,31,10,30,14,29,26,18,鼠鸡牛蛇虎蛇牛
2014/8/23,2014098,14,24,38,32,12,4,13,蛇羊蛇猪羊兔马
2014/8/26,2014099,44,33,25,37,32,29,47,猪狗马马猪虎猴
2014/8/28,2014100,38,17,27,11,24,31,49,蛇虎龙猴羊鼠马
2014/8/30,2014101,15,27,18,24,49,39,6,龙龙牛羊马龙牛
2014/9/2,2014102,45,43,37,26,47,28,25,狗鼠马蛇猴兔马
2014/9/4,2014103,11,34,36,43,14,46,1,猴鸡羊鼠蛇鸡马
2014/9/9,2014104,7,39,27,36,25,42,31,鼠龙龙羊马牛鼠
2014/9/13,2014105,43,48,3,12,40,49,32,鼠羊龙羊兔马猪
2014/9/16,2014106,17,22,43,4,34,15,35,虎鸡鼠兔鸡龙猴
2014/9/18,2014107,45,25,16,27,6,20,29,狗马兔龙牛猪虎
2014/9/20,2014108,38,32,48,3,16,40,27,蛇猪羊龙兔兔龙
2014/9/23,2014109,13,28,43,41,12,20,23,马兔鼠虎羊猪猴
2014/9/25,2014110,48,19,49,42,44,3,38,羊鼠马牛猪龙蛇
2014/9/28,2014111,10,28,6,35,26,12,24,鸡兔牛猴蛇羊羊
2014/9/30,2014112,10,16,20,46,39,45,47,鸡兔猪鸡龙狗猴
2014/10/2,2014113,10,4,24,29,33,35,7,鸡兔羊虎狗猴鼠
2014/10/4,2014114,5,45,14,24,27,22,8,虎狗蛇羊龙鸡猪
2014/10/7,2014115,49,33,42,12,13,26,48,马狗牛羊马蛇羊
2014/10/9,2014116,12,2,23,46,40,14,39,羊蛇猴鸡兔蛇龙
2014/10/12,2014117,37,29,35,26,34,47,8,马虎猴蛇鸡猴猪
2014/10/14,2014118,8,5,17,37,1,20,33,猪虎虎马马猪狗
2014/10/16,2014119,34,39,48,4,49,9,18,鸡龙羊兔马狗牛
2014/10/18,2014120,19,47,22,12,40,36,25,鼠猴鸡羊兔羊马
2014/10/21,2014121,29,6,18,34,17,9,42,虎牛牛鸡虎狗牛
2014/10/23,2014122,11,29,28,41,14,37,19,猴虎兔虎蛇马鼠
2014/10/25,2014123,40,39,41,13,1,43,18,兔龙虎马马鼠牛
2014/10/28,2014124,30,37,16,47,26,43,31,牛马兔猴蛇鼠鼠
2014/10/30,2014125,49,36,3,47,29,19,33,马羊龙猴虎鼠狗
2014/11/1,2014126,20,44,26,9,10,11,31,猪猪蛇狗鸡猴鼠
2014/11/4,2014127,38,30,23,16,29,37,33,蛇牛猴兔虎马狗
2014/11/6,2014128,29,4,12,14,48,10,3,虎兔羊蛇羊鸡龙
2014/11/8,2014129,7,8,32,15,34,39,43,鼠猪猪龙鸡龙鼠
2014/11/11,2014130,5,49,9,3,48,19,26,虎马狗龙羊鼠蛇
2014/11/13,2014131,36,49,21,42,41,46,6,羊马狗牛虎鸡牛
2014/11/16,2014132,34,33,15,43,32,7,10,鸡狗龙鼠猪鼠鸡
2014/11/18,2014133,17,2,6,37,49,24,46,虎蛇牛马马羊鸡
2014/11/20,2014134,33,16,8,46,19,35,12,狗兔猪鸡鼠猴羊
2014/11/22,2014135,12,27,32,17,33,2,44,羊龙猪虎狗蛇猪
2014/11/25,2014136,47,6,44,41,35,42,19,猴牛猪虎猴牛鼠
2014/11/27,2014137,2,45,22,20,40,30,44,蛇狗鸡猪兔牛猪
2014/11/29,2014138,33,37,7,26,29,32,31,狗马鼠蛇虎猪鼠
2014/12/2,2014139,47,27,4,13,49,1,33,猴龙兔马马马狗
2014/12/4,2014140,1,20,33,27,36,8,35,马猪狗龙羊猪猴
2014/12/6,2014141,21,17,40,18,25,48,16,狗虎兔牛马羊兔
2014/12/9,2014142,41,3,13,4,29,31,46,虎龙马兔虎鼠鸡
2014/12/11,2014143,32,7,1,35,13,39,31,猪鼠马猴马龙鼠
2014/12/13,2014144,12,17,48,20,14,40,19,羊虎羊猪蛇兔鼠
2014/12/16,2014145,1,42,31,7,14,34,16,马牛鼠鼠蛇鸡兔
2014/12/18,2014146,8,10,25,6,29,21,33,猪鸡马牛虎狗狗
2014/12/21,2014147,43,36,37,25,30,2,22,鼠羊马马牛蛇鸡
2014/12/23,2014148,35,1,47,12,4,14,33,猴马猴羊兔蛇狗
2014/12/25,2014149,19,47,24,46,12,43,30,鼠猴羊鸡羊鼠牛
2014/12/27,2014150,28,15,31,32,14,48,40,兔龙鼠猪蛇羊兔
2014/12/29,2014151,1,40,30,39,25,33,7,马兔牛龙马狗鼠
2014/12/31,2014152,32,37,19,25,33,10,27,猪马鼠马狗鸡龙
2015/1/3,2015001,44,42,15,35,8,31,39,猪牛龙猴猪鼠龙
2015/1/6,2015002,14,16,18,3,49,38,29,蛇兔牛龙马蛇虎
2015/1/8,2015003,8,28,44,18,37,19,13,猪兔猪牛马鼠马
2015/1/11,2015004,47,21,10,40,24,33,5,猴狗鸡兔羊狗虎
2015/1/13,2015005,37,40,43,21,27,16,14,马兔鼠狗龙兔蛇
2015/1/15,2015006,14,49,1,43,2,37,24,蛇马马鼠蛇马羊
2015/1/17,2015007,27,14,25,15,30,16,11,龙蛇马龙牛兔猴
2015/1/20,2015008,29,13,9,15,5,7,47,虎马狗龙虎鼠猴
2015/1/22,2015009,42,30,46,8,21,16,32,牛牛鸡猪狗兔猪
2015/1/24,2015010,18,17,26,20,32,31,6,牛虎蛇猪猪鼠牛
2015/1/27,2015011,5,10,13,28,35,4,12,虎鸡马兔猴兔羊
2015/1/29,2015012,29,25,32,6,15,46,9,虎马猪牛龙鸡狗
2015/1/31,2015013,46,47,14,7,17,5,27,鸡猴蛇鼠虎虎龙
2015/2/3,2015014,49,43,11,36,47,34,21,马鼠猴羊猴鸡狗
2015/2/5,2015015,22,18,17,13,16,45,10,鸡牛虎马兔狗鸡
2015/2/8,2015016,17,18,5,7,27,48,30,虎牛虎鼠龙羊牛
2015/2/10,2015017,30,23,2,41,34,17,14,牛猴蛇虎鸡虎蛇
2015/2/12,2015018,31,14,7,10,9,22,35,鼠蛇鼠鸡狗鸡猴
2015/2/14,2015019,10,25,21,35,12,2,26,鸡马狗猴羊蛇蛇
2015/2/17,2015020,44,22,28,33,14,46,25,猪鸡兔狗蛇鸡马
2015/2/22,2015021,42,46,29,28,15,20,35,虎狗兔龙蛇鼠鸡
2015/2/24,2015022,48,17,32,28,33,18,37,猴兔鼠龙猪虎羊
2015/2/26,2015023,22,20,25,33,12,10,27,狗鼠羊猪猴狗蛇
2015/2/28,2015024,23,6,9,43,25,41,38,鸡虎猪牛羊兔马
2015/3/3,2015025,17,25,46,27,13,49,19,兔羊狗蛇羊羊牛
2015/3/5,2015026,10,38,20,2,6,40,46,狗马鼠马虎龙狗
2015/3/7,2015027,32,8,49,6,16,12,37,鼠鼠羊虎龙猴羊
2015/3/10,2015028,22,45,1,27,48,18,25,狗猪羊蛇猴虎羊
2015/3/12,2015029,23,14,25,37,24,17,34,鸡马羊羊猴兔狗
2015/3/14,2015030,29,4,21,37,25,32,27,兔龙猪羊羊鼠蛇
2015/3/17,2015031,1,11,5,47,34,23,14,羊鸡兔鸡狗鸡马
2015/3/19,2015032,31,30,43,15,17,12,46,牛虎牛蛇兔猴狗
2015/3/22,2015033,26,34,38,7,33,30,5,马狗马牛猪虎兔
2015/3/24,2015034,42,37,2,5,44,13,27,虎羊马兔鼠羊蛇
2015/3/26,2015035,39,6,2,9,49,16,29,蛇虎马猪羊龙兔
2015/3/28,2015036,37,11,16,29,6,30,34,羊鸡龙兔虎虎狗
2015/3/31,2015037,27,46,10,36,2,5,7,蛇狗狗猴马兔牛
2015/4/2,2015038,4,42,37,12,20,47,35,龙虎羊猴鼠鸡鸡
2015/4/4,2015039,26,44,45,29,12,9,19,马鼠猪兔猴猪牛
2015/4/6,2015040,43,21,46,42,26,24,4,牛猪狗虎马猴龙
2015/4/9,2015041,11,34,38,31,37,10,14,鸡狗马牛羊狗马
2015/4/11,2015042,19,17,6,20,18,42,25,牛兔虎鼠虎虎羊
2015/4/14,2015043,30,40,35,42,31,48,6,虎龙鸡虎牛猴虎
2015/4/16,2015044,5,20,35,1,39,3,28,兔鼠鸡羊蛇蛇龙
2015/4/18,2015045,31,29,47,41,12,17,38,牛兔鸡兔猴兔马
2015/4/21,2015046,24,13,48,3,20,43,49,猴羊猴蛇鼠牛羊
2015/4/23,2015047,8,4,3,36,7,26,31,鼠龙蛇猴牛马牛
2015/4/25,2015048,19,24,36,12,49,21,23,牛猴猴猴羊猪鸡
2015/4/28,2015049,36,8,28,1,31,45,9,猴鼠龙羊牛猪猪
2015/4/30,2015050,8,36,30,42,6,34,12,鼠猴虎虎虎狗猴
2015/5/2,2015051,16,49,26,10,7,12,40,龙羊马狗牛猴龙
2015/5/5,2015052,11,42,43,49,13,41,29,鸡虎牛羊羊兔兔
2015/5/7,2015053,14,21,25,7,3,29,6,马猪羊牛蛇兔虎
2015/5/10,2015054,2,15,39,44,38,13,8,马蛇蛇鼠马羊鼠
2015/5/12,2015055,26,3,15,7,25,47,10,马蛇蛇牛羊鸡狗
2015/5/14,2015056,48,5,17,22,34,38,2,猴兔兔狗狗马马
2015/5/17,2015057,36,21,44,32,37,46,47,猴猪鼠鼠羊狗鸡
2015/5/19,2015058,48,37,27,28,21,33,13,猴羊蛇龙猪猪羊
2015/5/21,2015059,16,19,47,18,36,42,46,龙牛鸡虎猴虎狗
2015/5/23,2015060,43,44,45,5,13,10,7,牛鼠猪兔羊狗牛
2015/5/26,2015061,7,45,42,37,10,15,41,牛猪虎羊狗蛇兔
2015/5/28,2015062,2,47,44,7,23,20,30,马鸡鼠牛鸡鼠虎
2015/5/30,2015063,42,9,45,36,28,16,2,虎猪猪猴龙龙马
2015/6/2,2015064,11,21,38,42,12,15,25,鸡猪马虎猴蛇羊
2015/6/4,2015065,24,49,31,28,39,18,44,猴羊牛龙蛇虎鼠
2015/6/6,2015066,22,27,9,11,49,14,44,狗蛇猪鸡羊马鼠
2015/6/9,2015067,20,16,7,17,25,12,31,鼠龙牛兔羊猴牛
2015/6/11,2015068,44,35,10,13,38,42,27,鼠鸡狗羊马虎蛇
2015/6/13,2015069,26,33,12,24,25,10,23,马猪猴猴羊狗鸡
2015/6/16,2015070,13,26,44,40,24,16,42,羊马鼠龙猴龙虎
2015/6/18,2015071,12,46,11,35,24,4,3,猴狗鸡鸡猴龙蛇
2015/6/20,2015072,34,16,12,48,31,42,37,狗龙猴猴牛虎羊
2015/6/23,2015073,33,42,26,3,10,46,44,猪虎马蛇狗狗鼠
2015/6/25,2015074,40,28,49,26,1,5,15,龙龙羊马羊兔蛇
2015/6/28,2015075,43,41,9,8,33,18,15,牛兔猪鼠猪虎蛇
2015/6/30,2015076,21,27,12,14,38,43,15,猪蛇猴马马牛蛇
2015/7/2,2015077,11,4,48,44,23,32,49,鸡龙猴鼠鸡鼠羊
2015/7/4,2015078,47,34,9,32,24,43,35,鸡狗猪鼠猴牛鸡
2015/7/7,2015079,40,28,29,38,19,9,33,龙龙兔马牛猪猪
2015/7/11,2015080,17,22,5,28,2,27,37,兔狗兔龙马蛇羊
2015/7/14,2015081,7,10,13,38,20,8,5,牛狗羊马鼠鼠兔
2015/7/16,2015082,38,35,22,18,23,16,25,马鸡狗虎鸡龙羊
2015/7/18,2015083,20,23,13,24,46,47,39,鼠鸡羊猴狗鸡蛇
2015/7/21,2015084,42,41,15,19,14,4,10,虎兔蛇牛马龙狗
2015/7/23,2015085,45,49,40,33,10,43,38,猪羊龙猪狗牛马
2015/7/26,2015086,15,11,28,30,4,26,13,蛇鸡龙虎龙马羊
2015/7/28,2015087,32,25,33,35,34,12,45,鼠羊猪鸡狗猴猪
2015/7/30,2015088,11,48,24,17,5,4,46,鸡猴猴兔兔龙狗
2015/8/1,2015089,32,47,14,31,28,20,18,鼠鸡马牛龙鼠虎
2015/8/4,2015090,15,13,5,9,21,23,12,蛇羊兔猪猪鸡猴
2015/8/6,2015091,23,41,40,22,42,35,16,鸡兔龙狗虎鸡龙
2015/8/8,2015092,12,25,46,10,42,19,37,猴羊狗狗虎牛羊
2015/8/11,2015093,27,26,47,22,28,36,12,蛇马鸡狗龙猴猴
2015/8/13,2015094,21,24,22,8,4,1,46,猪猴狗鼠龙羊狗
2015/8/15,2015095,2,6,30,33,25,13,20,马虎虎猪羊羊鼠
2015/8/18,2015096,43,17,49,7,34,41,1,牛兔羊牛狗兔羊
2015/8/20,2015097,18,4,44,5,23,32,6,虎龙鼠兔鸡鼠虎
2015/8/22,2015098,32,2,37,36,26,31,12,鼠马羊猴马牛猴
2015/8/25,2015099,41,42,39,16,15,3,36,兔虎蛇龙蛇蛇猴
2015/8/27,2015100,29,9,39,13,30,45,48,兔猪蛇羊虎猪猴
2015/8/29,2015101,9,32,37,39,22,28,47,猪鼠羊蛇狗龙鸡
2015/9/1,2015102,31,10,5,36,8,6,17,牛狗兔猴鼠虎兔
2015/9/3,2015103,16,45,34,12,36,42,41,龙猪狗猴猴虎兔
2015/9/5,2015104,15,40,26,36,20,16,46,蛇龙马猴鼠龙狗
2015/9/8,2015105,22,4,41,1,13,32,26,狗龙兔羊羊鼠马
2015/9/10,2015106,11,1,36,13,35,23,34,鸡羊猴羊鸡鸡狗
2015/9/12,2015107,5,38,21,25,13,40,17,兔马猪羊羊龙兔
2015/9/15,2015108,5,22,17,25,27,3,46,兔狗兔羊蛇蛇狗
2015/9/17,2015109,9,41,4,17,1,35,37,猪兔龙兔羊鸡羊
2015/9/22,2015110,25,43,11,2,36,12,10,羊牛鸡马猴猴狗
2015/9/24,2015111,10,16,15,24,4,28,49,狗龙蛇猴龙龙羊
2015/9/26,2015112,37,43,6,18,16,15,2,羊牛虎虎龙蛇马
2015/9/30,2015113,46,28,10,23,9,37,34,狗龙狗鸡猪羊狗
2015/10/3,2015114,39,30,16,10,40,8,6,蛇虎龙狗龙鼠虎
2015/10/6,2015115,32,2,22,7,9,46,26,鼠马狗牛猪狗马
2015/10/8,2015116,17,40,8,28,34,39,14,兔龙鼠龙狗蛇马
2015/10/11,2015117,22,36,46,4,35,21,40,狗猴狗龙鸡猪龙
2015/10/13,2015118,34,30,4,33,1,22,26,狗虎龙猪羊狗马
2015/10/15,2015119,17,30,34,18,33,26,29,兔虎狗虎猪马兔
2015/10/17,2015120,33,48,2,19,12,34,24,猪猴马牛猴狗猴
2015/10/19,2015121,46,15,38,39,7,11,25,狗蛇马蛇牛鸡羊
2015/10/21,2015122,25,48,16,40,14,1,17,羊猴龙龙马羊兔
2015/10/24,2015123,27,34,18,45,35,28,2,蛇狗虎猪鸡龙马
2015/10/27,2015124,33,20,22,44,31,39,10,猪鼠狗鼠牛蛇狗
2015/10/29,2015125,31,22,5,46,4,6,47,牛狗兔狗龙虎鸡
2015/10/31,2015126,28,4,48,37,10,42,8,龙龙猴羊狗虎鼠
2015/11/3,2015127,38,12,25,7,13,34,15,马猴羊牛羊狗蛇
2015/11/5,2015128,25,44,11,5,27,10,7,羊鼠鸡兔蛇狗牛
2015/11/7,2015129,6,16,34,44,48,27,1,虎龙狗鼠猴蛇羊
2015/11/10,2015130,47,4,43,28,42,14,3,鸡龙牛龙虎马蛇
2015/11/12,2015131,10,24,28,45,33,20,19,狗猴龙猪猪鼠牛
2015/11/15,2015132,13,15,45,28,41,24,20,羊蛇猪龙兔猴鼠
2015/11/17,2015133,33,13,47,31,35,12,21,猪羊鸡牛鸡猴猪
2015/11/19,2015134,15,40,41,13,48,25,19,蛇龙兔羊猴羊牛
2015/11/22,2015135,33,30,38,20,39,9,37,猪虎马鼠蛇猪羊
2015/11/24,2015136,44,17,21,41,36,22,38,鼠兔猪兔猴狗马
2015/11/26,2015137,44,10,39,17,25,26,7,鼠狗蛇兔羊马牛
2015/11/28,2015138,31,25,28,24,15,21,48,牛羊龙猴蛇猪猴
2015/12/1,2015139,8,10,33,22,9,40,28,鼠狗猪狗猪龙龙
2015/12/3,2015140,42,14,41,4,44,11,10,虎马兔龙鼠鸡狗
2015/12/5,2015141,19,16,35,6,34,46,9,牛龙鸡虎狗狗猪
2015/12/8,2015142,49,25,10,9,40,48,32,羊羊狗猪龙猴鼠
2015/12/10,2015143,9,29,24,47,32,34,42,猪兔猴鸡鼠狗虎
2015/12/12,2015144,16,42,44,27,35,18,33,龙虎鼠蛇鸡虎猪
2015/12/15,2015145,18,41,40,48,49,22,42,虎兔龙猴羊狗虎
2015/12/17,2015146,20,36,24,18,45,44,39,鼠猴猴虎猪鼠蛇
2015/12/20,2015147,43,45,20,16,6,11,21,牛猪鼠龙虎鸡猪
2015/12/22,2015148,44,36,38,11,28,48,26,鼠猴马鸡龙猴马
2015/12/24,2015149,18,20,12,33,47,28,25,虎鼠猴猪鸡龙羊
2015/12/26,2015150,37,1,8,42,47,33,7,羊羊鼠虎鸡猪牛
2015/12/29,2015151,30,38,33,20,3,5,28,虎马猪鼠蛇兔龙
2015/12/31,2015152,22,24,11,25,2,12,3,狗猴鸡羊马猴蛇
2016/1/2,2016001,6,34,8,41,32,11,47,虎狗鼠兔鼠鸡鸡
2016/1/5,2016002,18,45,2,5,7,30,11,虎猪马兔牛虎鸡
2016/1/7,2016003,29,11,9,47,43,6,8,兔鸡猪鸡牛虎鼠
2016/1/10,2016004,15,8,30,45,18,4,38,蛇鼠虎猪虎龙马
2016/1/12,2016005,8,13,44,45,35,15,47,鼠羊鼠猪鸡蛇鸡
2016/1/14,2016006,23,49,32,2,1,10,26,鸡羊鼠马羊狗马
2016/1/16,2016007,2,6,1,43,37,40,24,马虎羊牛羊龙猴
2016/1/19,2016008,39,25,30,8,20,18,13,蛇羊虎鼠鼠虎羊
2016/1/21,2016009,33,40,47,2,12,45,9,猪龙鸡马猴猪猪
2016/1/23,2016010,14,32,23,8,12,7,5,马鼠鸡鼠猴牛兔
2016/1/26,2016011,9,40,5,27,22,26,13,猪龙兔蛇狗马羊
2016/1/28,2016012,30,48,8,42,34,20,36,虎猴鼠虎狗鼠猴
2016/1/30,2016013,1,39,29,32,44,5,4,羊蛇兔鼠鼠兔龙
2016/2/2,2016014,36,28,34,18,33,30,2,猴龙狗虎猪虎马
2016/2/4,2016015,7,38,13,35,15,45,32,牛马羊鸡蛇猪鼠
2016/2/7,2016016,11,21,13,19,15,29,41,鸡猪羊牛蛇兔兔
2016/2/11,2016017,4,35,3,30,47,17,10,蛇狗马兔狗龙猪
2016/2/13,2016018,43,8,36,14,29,24,31,虎牛鸡羊龙鸡虎
2016/2/16,2016019,42,43,22,34,21,18,24,兔虎猪猪鼠兔鸡
2016/2/18,2016020,20,41,38,13,45,39,46,牛龙羊猴鼠马猪
2016/2/20,2016021,47,49,39,20,44,12,45,狗猴马牛牛鸡鼠
2016/2/23,2016022,15,27,45,44,9,24,47,马马鼠牛鼠鸡狗
2016/2/25,2016023,3,47,22,45,24,6,7,马狗猪鼠鸡兔虎
2016/2/27,2016024,27,6,11,20,44,9,42,马兔狗牛牛鼠兔
2016/3/1,2016025,30,21,11,16,19,33,31,兔鼠狗蛇虎鼠虎
2016/3/3,2016026,16,5,45,7,2,1,33,蛇龙鼠虎羊猴鼠
2016/3/5,2016027,29,48,49,17,26,32,40,龙鸡猴龙羊牛蛇
2016/3/8,2016028,16,34,4,30,3,39,14,蛇猪蛇兔马马羊
2016/3/10,2016029,9,48,30,33,24,14,43,鼠鸡兔鼠鸡羊虎
2016/3/12,2016030,41,23,49,36,33,3,2,龙狗猴鸡鼠马羊
2016/3/15,2016031,1,6,41,19,28,26,39,猴兔龙虎蛇羊马
2016/3/17,2016032,8,16,15,3,17,38,35,牛蛇马马龙羊狗
2016/3/19,2016033,25,23,39,35,42,43,14,猴狗马狗兔虎羊
2016/3/22,2016034,5,18,49,24,10,27,39,龙兔猴鸡猪马马
2016/3/24,2016035,21,35,18,25,16,46,13,鼠狗兔猴蛇猪猴
2016/3/26,2016036,38,47,24,44,17,46,27,羊狗鸡牛龙猪马
2016/3/29,2016037,22,9,31,13,12,30,28,猪鼠虎猴鸡兔蛇
2016/4/2,2016038,34,6,29,45,36,4,47,猪兔龙鼠鸡蛇狗
2016/4/5,2016039,10,43,21,35,30,4,7,猪虎鼠狗兔蛇虎
2016/4/7,2016040,8,45,34,21,25,32,31,牛鼠猪鼠猴牛虎
2016/4/9,2016041,43,6,3,38,44,13,31,虎兔马羊牛猴虎
2016/4/12,2016042,33,48,21,46,28,25,10,鼠鸡鼠猪蛇猴猪
2016/4/14,2016043,46,27,25,21,44,14,3,猪马猴鼠牛羊马
2016/4/17,2016044,28,35,45,46,24,16,38,蛇狗鼠猪鸡蛇羊
2016/4/19,2016045,48,5,30,45,34,8,3,鸡龙兔鼠猪牛马
2016/4/21,2016046,3,15,5,39,41,14,21,马马龙马龙羊鼠
2016/4/23,2016047,46,2,16,35,10,47,49,猪羊蛇狗猪狗猴
2016/4/26,2016048,25,28,3,45,1,27,12,猴蛇马鼠猴马鸡
2016/4/30,2016049,44,28,20,49,11,29,40,牛蛇牛猴狗龙蛇
2016/5/5,2016050,36,27,12,7,15,6,29,鸡马鸡虎马兔龙
2016/5/10,2016051,40,20,26,28,32,45,43,蛇牛羊蛇牛鼠虎
2016/5/12,2016052,27,49,12,20,4,19,21,马猴鸡牛蛇虎鼠
2016/5/15,2016053,25,2,46,11,28,36,42,猴羊猪狗蛇鸡兔
2016/5/17,2016054,23,24,19,40,1,32,35,狗鸡虎蛇猴牛狗
2016/5/19,2016055,37,2,20,39,8,24,18,猴羊牛马牛鸡兔
2016/5/21,2016056,44,23,25,6,13,48,11,牛狗猴兔猴鸡狗
2016/5/24,2016057,35,34,33,14,18,46,42,狗猪鼠羊兔猪兔
2016/5/26,2016058,36,15,46,48,9,38,22,鸡马猪鸡鼠羊猪
2016/5/28,2016059,21,36,23,33,42,32,20,鼠鸡狗鼠兔牛牛
2016/5/31,2016060,24,38,39,21,36,44,49,鸡羊马鼠鸡牛猴
2016/6/2,2016061,19,3,34,26,24,4,38,虎马猪羊鸡蛇羊
2016/6/4,2016062,16,8,38,21,32,48,11,蛇牛羊鼠牛鸡狗
2016/6/6,2016063,12,5,49,20,8,2,47,鸡龙猴牛牛羊狗
2016/6/8,2016064,13,4,34,48,36,42,19,猴蛇猪鸡鸡兔虎
2016/6/11,2016065,23,14,10,40,29,42,11,狗羊猪蛇龙兔狗
2016/6/14,2016066,49,30,36,13,44,15,37,猴兔鸡猴牛马猴
2016/6/16,2016067,48,45,19,22,29,27,4,鸡鼠虎猪龙马蛇
2016/6/18,2016068,8,12,4,5,34,37,24,牛鸡蛇龙猪猴鸡
2016/6/21,2016069,9,39,20,21,10,38,49,鼠马牛鼠猪羊猴
2016/6/23,2016070,9,35,48,49,21,6,29,鼠狗鸡猴鼠兔龙
2016/6/25,2016071,15,38,42,43,22,10,18,马羊兔虎猪猪兔
2016/6/28,2016072,30,7,32,23,13,48,36,兔虎牛狗猴鸡鸡
2016/6/30,2016073,16,5,6,2,7,29,35,蛇龙兔羊虎龙狗
2016/7/2,2016074,16,2,33,37,8,32,5,蛇羊鼠猴牛牛龙
2016/7/5,2016075,17,6,13,1,44,34,38,龙兔猴猴牛猪羊
2016/7/7,2016076,14,31,44,21,38,13,22,羊虎牛鼠羊猴猪
2016/7/9,2016077,7,19,20,31,30,28,29,虎虎牛虎兔蛇龙
2016/7/12,2016078,31,32,45,12,20,35,18,虎牛鼠鸡牛狗兔
2016/7/14,2016079,36,21,16,38,47,30,48,鸡鼠蛇羊狗兔鸡
2016/7/16,2016080,34,16,24,2,7,1,36,猪蛇鸡羊虎猴鸡
2016/7/19,2016081,7,27,46,47,21,33,4,虎马猪狗鼠鼠蛇
2016/7/22,2016082,41,10,44,11,46,22,35,龙猪牛狗猪猪狗
2016/7/24,2016083,31,11,39,44,26,18,24,虎狗马牛羊兔鸡
2016/7/26,2016084,3,49,14,17,21,28,12,马猴羊龙鼠蛇鸡
2016/7/28,2016085,47,12,35,39,20,24,15,狗鸡狗马牛鸡马
2016/7/30,2016086,33,9,48,35,29,21,28,鼠鼠鸡狗龙鼠蛇
2016/8/2,2016087,12,11,19,7,21,39,49,鸡狗虎虎鼠马猴
2016/8/4,2016088,41,10,47,45,16,34,7,龙猪狗鼠蛇猪虎
2016/8/6,2016089,40,2,23,17,36,32,3,蛇羊狗龙鸡牛马
2016/8/9,2016090,5,13,34,39,22,9,40,龙猴猪马猪鼠蛇
2016/8/11,2016091,30,23,38,10,19,11,13,兔狗羊猪虎狗猴
2016/8/13,2016092,23,44,11,47,3,4,24,狗牛狗狗马蛇鸡
2016/8/16,2016093,5,46,14,20,12,27,26,龙猪羊牛鸡马羊
2016/8/18,2016094,20,45,46,17,22,3,30,牛鼠猪龙猪马兔
2016/8/20,2016095,3,28,15,48,2,46,33,马蛇马鸡羊猪鼠
2016/8/23,2016096,43,44,16,14,25,24,3,虎牛蛇羊猴鸡马
2016/8/25,2016097,47,20,35,40,4,34,3,狗牛狗蛇蛇猪马
2016/8/27,2016098,13,3,6,37,24,43,30,猴马兔猴鸡虎兔
2016/8/30,2016099,31,42,21,34,14,20,25,虎兔鼠猪羊牛猴
2016/9/1,2016100,49,8,30,11,13,34,2,猴牛兔狗猴猪羊
2016/9/4,2016101,38,25,8,26,43,28,22,羊猴牛羊虎蛇猪
2016/9/6,2016102,15,33,43,41,11,48,27,马鼠虎龙狗鸡马
